L1	KO	Function	EC	FUN_ID	Count
Auxiliary activities	AA1	laccase / p-diphenol:oxygen oxidoreductase / ferroxidase	1.10.3.2	AA	1
Auxiliary activities	AA12	pyrroloquinoline quinone-dependent oxidoreductase		AA	1
Auxiliary activities	AA2	manganese peroxidase	1.11.1.13	AA	1
Auxiliary activities	AA3	cellobiose dehydrogenase	1.1.99.18	AA	1
Auxiliary activities	AA4	vanillyl-alcohol oxidase	1.1.3.38	AA	1
Auxiliary activities	AA6	1,4-benzoquinone reductase	1.6.5.6	AA	1
Auxiliary activities	AA7	glucooligosaccharide oxidase	1.1.3.-	AA	1
Carb binding modules	CBM48	glycogene binding		CBM	1
Carb binding modules	CBM50	chitopentaose binding		CBM	1
Carb esterases	CE1	acetyl xylan esterase	3.1.1.72	CE	1
Carb esterases	CE11	UDP-3-0-acyl N-acetylglucosamine deacetylase	3.5.1.108	CE	1
Carb esterases	CE14	N-acetyl-1-D-myo-inosityl-2-amino-2-deoxy-alpha-D-glucopyranoside deacetylase	3.5.1.89	CE	1
Carb esterases	CE19	pectin methylesterase		CE	1
Carb esterases	CE3	acetyl xylan esterase	3.1.1.72	CE	1
Carb esterases	CE4	acetyl xylan esterase	3.1.1.72	CE	1
Carb esterases	CE7	acetyl xylan esterase	3.1.1.72	CE	1
Carb esterases	CE9	N-acetylglucosamine 6-phosphate deacetylase	3.5.1.25	CE	1
Glycoside hydrolase	GH1	beta-glucosidase	3.2.1.21	GH	1
Glycoside hydrolase	GH103	peptidoglycan lytic transglycosylase	3.2.1.-	GH	1
Glycoside hydrolase	GH109	alpha-N-acetylgalactosaminidase	3.2.1.49	GH	1
Glycoside hydrolase	GH13	alpha-amylase	3.2.1.1	GH	1
Glycoside hydrolase	GH15	glucoamylase	3.2.1.3	GH	1
Glycoside hydrolase	GH17	glucan endo-1,3-beta-glucosidase	3.2.1.39	GH	1
Glycoside hydrolase	GH23	lysozyme type G	3.2.1.17	GH	1
Glycoside hydrolase	GH3	beta-glucosidase	3.2.1.21	GH	1
Glycoside hydrolase	GH32	invertase	3.2.1.26	GH	1
Glycoside hydrolase	GH36	alpha-galactosidase	3.2.1.22	GH	1
Glycoside hydrolase	GH4	maltose-6-phosphate glucosidase	3.2.1.122	GH	1
Glycoside hydrolase	GH50	beta-agarase	3.2.1.81	GH	1
Glycoside hydrolase	GH55	exo-beta-1,3-glucanase	3.2.1.58	GH	1
Glycoside hydrolase	GH73	lysozyme	3.2.1.17	GH	1
Glycoside hydrolase	GH77	amylomaltase or 4-alpha-glucanotransferase	2.4.1.25	GH	1
Glycoside hydrolase	GH78	alpha-L-rhamnosidase	3.2.1.40	GH	1
Glycoside hydrolase	GH8	chitosanase	3.2.1.132	GH	1
Glycoside hydrolase	GH97	glucoamylase	3.2.1.3	GH	1
Glycosyl trasferase	GT1	UDP-glucuronosyltransferase	2.4.1.17	GT	1
Glycosyl trasferase	GT104	arginine alpha-L-rhamnosyltransferase	2.4.1.-	GT	1
Glycosyl trasferase	GT19	lipid-A-disaccharide synthase	2.4.1.182	GT	1
Glycosyl trasferase	GT20	alpha,alpha-trehalose-phosphate synthase [UDP-forming]	2.4.1.15	GT	1
Glycosyl trasferase	GT21	UDP-Glc: ceramide beta-glucosyltransferase	2.4.1.80	GT	1
Glycosyl trasferase	GT25	lipopolysaccharide beta-1,4-galactosyltransferase	2.4.1.-	GT	1
Glycosyl trasferase	GT27	polypeptide alpha-N-acetylgalactosaminyltransferase	2.4.1.41	GT	1
Glycosyl trasferase	GT28	1,2-diacylglycerol 3-beta-galactosyltransferase	2.4.1.46	GT	1
Glycosyl trasferase	GT30	CMP-beta-KDO: alpha-3-deoxy-D-manno-octulosonic-acid (KDO) transferase	2.4.99.-	GT	1
Glycosyl trasferase	GT35	glycogen or starch phosphorylase	2.4.1.1	GT	1
Glycosyl trasferase	GT4	sucrose synthase	2.4.1.13	GT	1
Glycosyl trasferase	GT41	UDP-GlcNAc: peptide beta-N-acetylglucosaminyltransferase	2.4.1.255	GT	1
Glycosyl trasferase	GT5	UDP-Glc: glycogen glucosyltransferase	2.4.1.11	GT	1
Glycosyl trasferase	GT51	murein polymerase	2.4.1.129	GT	1
Glycosyl trasferase	GT8	lipopolysaccharide alpha-1,3-galactosyltransferase	2.4.1.44	GT	1
Glycosyl trasferase	GT81	NDP-Glc: glucosyl-3-phosphoglycerate synthase	2.4.1.266	GT	1
Glycosyl trasferase	GT9	lipopolysaccharide N-acetylglucosaminyltransferase	2.4.1.56	GT	1
Polysacharide lyases	PL17	alginate lyase	4.2.2.3	PL	1
Polysacharide lyases	PL22	oligogalacturonate lyase / oligogalacturonide lyase	4.2.2.6	PL	1
Polysacharide lyases	PL29	chondroitin-sulfate ABC endolyase	4.2.2.20	PL	1
Polysacharide lyases	PL39	alginate lyase	4.2.2.-	PL	1
Polysacharide lyases	PL5	alginate lyase	4.2.2.3	PL	1
Polysacharide lyases	PL7	poly(beta-mannuronate) lyase / M-specific alginate lyase	4.2.2.3	PL	1
Polysacharide lyases	PL9	pectate lyase	4.2.2.2	PL	1
