	fasta	scaffold	gene_position	start_position	end_position	strandedness	rank	ko_id	kegg_hit	peptidase_id	peptidase_family	peptidase_hit	peptidase_RBH	peptidase_identity	peptidase_bitScore	peptidase_eVal	pfam_hits	cazy_ids	cazy_hits	cazy_subfam_ec	cazy_best_hit	heme_regulatory_motif_count
SAMN04328180_MNWB01000001.1_1	SAMN04328180	MNWB01000001.1	1	155	1786	1	D										Type IV secretion-system coupling protein DNA-binding domain [PF10412.12]; Type IV secretory system Conjugative DNA transfer [PF02534.17]; TraM recognition site of TraD and TraG [PF12696.10]; Helicase HerA, central domain [PF01935.20]					0
SAMN04328180_MNWB01000001.1_2	SAMN04328180	MNWB01000001.1	2	1783	2814	1	C	K00927	phosphoglycerate kinase [EC:2.7.2.3]								Phosphoglycerate kinase [PF00162.22]					0
SAMN04328180_MNWB01000001.1_3	SAMN04328180	MNWB01000001.1	3	2910	3332	1	D										PD-(D/E)XK nuclease superfamily [PF13366.9]					0
SAMN04328180_MNWB01000001.1_4	SAMN04328180	MNWB01000001.1	4	3359	4534	1	C	K07462	single-stranded-DNA-specific exonuclease [EC:3.1.-.-]								DHHA1 domain [PF02272.22]					0
SAMN04328180_MNWB01000001.1_5	SAMN04328180	MNWB01000001.1	5	4687	4761	1	E															0
SAMN04328180_MNWB01000002.1_1	SAMN04328180	MNWB01000002.1	1	1	150	-1	E															0
SAMN04328180_MNWB01000002.1_2	SAMN04328180	MNWB01000002.1	2	258	812	-1	C	K01358	ATP-dependent Clp protease, protease subunit [EC:3.4.21.92]	MER1318699	S14	MER1318699 - family S14 unassigned peptidases () [S14.UPW]#S14#{peptidase unit: 19-209}~source OGT53424~	False	0.268	67.0	1.408e-11	Clp protease [PF00574.26]; Serine dehydrogenase proteinase [PF01972.19]					0
SAMN04328180_MNWB01000002.1_3	SAMN04328180	MNWB01000002.1	3	870	1964	-1	C	K00965	UDPglucose--hexose-1-phosphate uridylyltransferase [EC:2.7.7.12]								Galactose-1-phosphate uridyl transferase, N-terminal domain [PF01087.25]; Domain of unknown function (DUF4921) [PF16268.8]; Galactose-1-phosphate uridyl transferase, C-terminal domain [PF02744.20]					0
SAMN04328180_MNWB01000002.1_4	SAMN04328180	MNWB01000002.1	4	1939	2682	-1	C	K00729	dolichyl-phosphate beta-glucosyltransferase [EC:2.4.1.117]								Glycosyl transferase family 2 [PF00535.29]; Glycosyltransferase like family 2 [PF13641.9]	GT2_Glycos_transf_2	GT2 cellulose synthase (EC 2.4.1.12); chitin synthase (EC 2.4.1.16); dolichyl-phosphate beta-D-mannosyltransferase (EC 2.4.1.83); dolichyl-phosphate beta-glucosyltransferase (EC 2.4.1.117); N-acetylglucosaminyltransferase (EC 2.4.1.-); N-acetylgalactosaminyltransferase (EC 2.4.1.-); hyaluronan synthase (EC 2.4.1.212); chitin oligosaccharide synthase (EC 2.4.1.-); beta-1,3-glucan synthase (EC 2.4.1.34); beta-1,4-mannan synthase (EC 2.4.1.-); beta-mannosylphosphodecaprenol-mannooligosaccharide alpha-1,6-mannosyltransferase (EC 2.4.1.199); UDP-Galf: rhamnopyranosyl-N-acetylglucosaminyl-PP-decaprenol beta-1,4/1,5-galactofuranosyltransferase (EC 2.4.1.287); UDP-Galf: galactofuranosyl-galactofuranosyl-rhamnosyl-N-acetylglucosaminyl-PP-decaprenol beta-1,5/1,6-galactofuranosyltransferase (EC 2.4.1.288); dTDP-L-Rha: N-acetylglucosaminyl-PP-decaprenol alpha-1,3-L-rhamnosyltransferase (EC 2.4.1.289); alternating beta-1,3/4-N-acetylmannan synthase (2.4.1.-); UDP-GlcA: N-acetylglucosaminyl-proteoglycan beta-1,4-glucuronosyltransferase (EC 2.4.1.225); [inverting] UDP-Glc: glycocin S-beta-glucosyltransferase (EC 2.4.1.-); [inverting] UDP-Glc: protein O-beta-glucosyltransferase (EC 2.4.1.-)		GT2_Glycos_transf_2.hmm	0
SAMN04328180_MNWB01000002.1_5	SAMN04328180	MNWB01000002.1	5	2832	3113	-1	E															0
SAMN04328180_MNWB01000002.1_6	SAMN04328180	MNWB01000002.1	6	3162	3935	-1	C	K01265	methionyl aminopeptidase [EC:3.4.11.18]	MER0394356	M24A	MER0394356 - subfamily M24A unassigned peptidases (Caloramator australicus) [M24.UPA]#M24A#{peptidase unit: 2-247}~source ZP_10505955~	False	0.563	274.0	8.871e-82	Metallopeptidase family M24 [PF00557.27]					0
SAMN04328180_MNWB01000002.1_7	SAMN04328180	MNWB01000002.1	7	3976	4641	-1	D										Adenylate kinase [PF00406.25]; AAA domain [PF13238.9]; AAA domain [PF13207.9]; Adenylate kinase, active site lid [PF05191.17]; Zeta toxin [PF06414.15]					0
SAMN04328180_MNWB01000002.1_8	SAMN04328180	MNWB01000002.1	8	4740	6035	-1	C	K03076	preprotein translocase subunit SecY								SecY [PF00344.23]					0
SAMN04328180_MNWB01000002.1_9	SAMN04328180	MNWB01000002.1	9	6116	6571	-1	C	K02876	large subunit ribosomal protein L15								Ribosomal proteins 50S-L15, 50S-L18e, 60S-L27A [PF00828.22]					0
SAMN04328180_MNWB01000002.1_10	SAMN04328180	MNWB01000002.1	10	6664	7200	-1	C	K02988	small subunit ribosomal protein S5								Ribosomal protein S5, N-terminal domain [PF00333.23]; Ribosomal protein S5, C-terminal domain [PF03719.18]					0
SAMN04328180_MNWB01000002.1_11	SAMN04328180	MNWB01000002.1	11	7228	7629	-1	C	K02881	large subunit ribosomal protein L18								Ribosomal L18 of archaea, bacteria, mitoch. and chloroplast [PF00861.25]					0
SAMN04328180_MNWB01000002.1_12	SAMN04328180	MNWB01000002.1	12	7648	8196	-1	C	K02933	large subunit ribosomal protein L6								Ribosomal protein L6 [PF00347.26]					0
SAMN04328180_MNWB01000002.1_13	SAMN04328180	MNWB01000002.1	13	8329	8718	-1	C	K02994	small subunit ribosomal protein S8								Ribosomal protein S8 [PF00410.22]					0
SAMN04328180_MNWB01000002.1_14	SAMN04328180	MNWB01000002.1	14	9136	9690	-1	C	K02931	large subunit ribosomal protein L5								ribosomal L5P family C-terminus [PF00673.24]; Ribosomal protein L5 [PF00281.22]					0
SAMN04328180_MNWB01000002.1_15	SAMN04328180	MNWB01000002.1	15	9723	9854	-1	E															0
SAMN04328180_MNWB01000002.1_16	SAMN04328180	MNWB01000002.1	16	9836	10141	-1	C	K02895	large subunit ribosomal protein L24								Ribosomal proteins 50S L24/mitochondrial 39S L24 [PF17136.7]; Ribosomal proteins L26 eukaryotic, L24P archaeal [PF16906.8]					0
SAMN04328180_MNWB01000002.1_17	SAMN04328180	MNWB01000002.1	17	10239	10610	-1	C	K02874	large subunit ribosomal protein L14								Ribosomal protein L14p/L23e [PF00238.22]					0
SAMN04328180_MNWB01000002.1_18	SAMN04328180	MNWB01000002.1	18	10703	10945	-1	C	K02961	small subunit ribosomal protein S17								Ribosomal protein S17 [PF00366.23]					0
SAMN04328180_MNWB01000002.1_19	SAMN04328180	MNWB01000002.1	19	11021	11209	-1	D										Ribosomal L29 protein [PF00831.26]					0
SAMN04328180_MNWB01000002.1_20	SAMN04328180	MNWB01000002.1	20	11216	11620	-1	C	K02878	large subunit ribosomal protein L16								Ribosomal protein L16p/L10e [PF00252.21]					0
SAMN04328180_MNWB01000002.1_21	SAMN04328180	MNWB01000002.1	21	11624	12274	-1	C	K02982	small subunit ribosomal protein S3								Ribosomal protein S3, C-terminal domain [PF00189.23]; KH domain [PF07650.20]					0
SAMN04328180_MNWB01000002.1_22	SAMN04328180	MNWB01000002.1	22	12359	12853	-1	C	K02890	large subunit ribosomal protein L22								Ribosomal protein L22p/L17e [PF00237.22]					0
SAMN04328180_MNWB01000002.1_23	SAMN04328180	MNWB01000002.1	23	12934	13257	-1	C	K02965	small subunit ribosomal protein S19								Ribosomal protein S19 [PF00203.24]					0
SAMN04328180_MNWB01000003.1_1	SAMN04328180	MNWB01000003.1	1	2	865	1	C	K00134	glyceraldehyde 3-phosphate dehydrogenase (phosphorylating) [EC:1.2.1.12]								Glyceraldehyde 3-phosphate dehydrogenase, C-terminal domain [PF02800.23]; Glyceraldehyde 3-phosphate dehydrogenase, NAD binding domain [PF00044.27]					0
SAMN04328180_MNWB01000003.1_2	SAMN04328180	MNWB01000003.1	2	932	1333	1	E															0
SAMN04328180_MNWB01000003.1_3	SAMN04328180	MNWB01000003.1	3	1451	1654	1	E															0
SAMN04328180_MNWB01000003.1_4	SAMN04328180	MNWB01000003.1	4	1665	2081	1	D										gag-polyprotein putative aspartyl protease [PF13975.9]					0
SAMN04328180_MNWB01000003.1_5	SAMN04328180	MNWB01000003.1	5	2404	4329	1	C	K01895	acetyl-CoA synthetase [EC:6.2.1.1]								AMP-binding enzyme [PF00501.31]; AMP-binding enzyme C-terminal domain [PF13193.9]; Acetyl-coenzyme A synthetase N-terminus [PF16177.8]					0
SAMN04328180_MNWB01000003.1_6	SAMN04328180	MNWB01000003.1	6	4326	4889	1	D										5'-deoxynucleotidase YfbR-like [PF12917.10]; HD domain [PF13023.9]					0
SAMN04328180_MNWB01000003.1_7	SAMN04328180	MNWB01000003.1	7	4953	7115	1	C	K01007	pyruvate, water dikinase [EC:2.7.9.2]								Pyruvate phosphate dikinase, AMP/ATP-binding domain [PF01326.22]; PEP-utilising enzyme, PEP-binding domain [PF02896.21]; PEP-utilising enzyme, mobile domain [PF00391.26]					0
SAMN04328180_MNWB01000004.1_1	SAMN04328180	MNWB01000004.1	1	280	816	1	E															0
SAMN04328180_MNWB01000004.1_2	SAMN04328180	MNWB01000004.1	2	818	1372	1	C	K02664	type IV pilus assembly protein PilO													0
SAMN04328180_MNWB01000004.1_3	SAMN04328180	MNWB01000004.1	3	1374	1640	1	E															0
SAMN04328180_MNWB01000004.1_4	SAMN04328180	MNWB01000004.1	4	1747	3477	1	D										Type II/IV secretion system protein [PF00437.23]; Type II secretion system (T2SS), protein E, N-terminal domain [PF05157.18]					0
SAMN04328180_MNWB01000004.1_5	SAMN04328180	MNWB01000004.1	5	3596	3961	1	D										Response regulator receiver domain [PF00072.27]					0
SAMN04328180_MNWB01000004.1_6	SAMN04328180	MNWB01000004.1	6	4049	4453	1	E															0
SAMN04328180_MNWB01000005.1_1	SAMN04328180	MNWB01000005.1	1	57	1082	-1	D			MER0900520	S01C	MER0900520 - subfamily S1C unassigned peptidases () [S01.UPC]#S01C#{peptidase unit: 120-398}~source K2B4K2~	False	0.534	283.0	3.706e-83	Trypsin-like peptidase domain [PF13365.9]; Peptidase family M50 [PF02163.25]; PDZ domain [PF13180.9]					0
SAMN04328180_MNWB01000005.1_2	SAMN04328180	MNWB01000005.1	2	1329	2006	1	E															0
SAMN04328180_MNWB01000005.1_3	SAMN04328180	MNWB01000005.1	3	2267	2926	1	E															0
SAMN04328180_MNWB01000005.1_4	SAMN04328180	MNWB01000005.1	4	3222	3530	1	E															0
SAMN04328180_MNWB01000006.1_1	SAMN04328180	MNWB01000006.1	1	406	867	-1	C	K02935	large subunit ribosomal protein L7/L12								Ribosomal protein L7/L12 C-terminal domain [PF00542.22]; Ribosomal protein L7/L12 dimerisation domain [PF16320.8]					0
SAMN04328180_MNWB01000006.1_2	SAMN04328180	MNWB01000006.1	2	940	1464	-1	C	K02864	large subunit ribosomal protein L10								Ribosomal protein L10 [PF00466.23]					0
SAMN04328180_MNWB01000006.1_3	SAMN04328180	MNWB01000006.1	3	1584	2243	-1	D			MER0186122	C56	MER0186122 - family C56 non-peptidase homologues (Desulfovibrio salexigens) [C56.UNW]#C56#{peptidase unit: 58-195}~source YP_002991880~	False	0.478	126.0	3.4140000000000003e-31	DJ-1/PfpI family [PF01965.27]					0
SAMN04328180_MNWB01000006.1_4	SAMN04328180	MNWB01000006.1	4	2240	2770	-1	C	K01507	inorganic pyrophosphatase [EC:3.6.1.1]								Inorganic pyrophosphatase [PF00719.22]					0
SAMN04328180_MNWB01000006.1_5	SAMN04328180	MNWB01000006.1	5	2798	4849	-1	D			MER0016434	SPE	MER0016434 - penicillin-binding protein 2 (Clostridium acetobutylicum) [X52.001]#SPE#{peptidase unit: 422-642}~source Q97GR5~	False	0.234	68.0	5.603e-10	Transglycosylase [PF00912.25]; Penicillin binding protein transpeptidase domain [PF00905.25]	GT51	GT51 murein polymerase (EC 2.4.1.129).	2.4.1.129	GT51.hmm	0
SAMN04328180_MNWB01000006.1_6	SAMN04328180	MNWB01000006.1	6	4851	5882	-1	C	K09795	uncharacterized protein								Protein of unknown function (DUF459) [PF04311.16]					0
SAMN04328180_MNWB01000006.1_7	SAMN04328180	MNWB01000006.1	7	5885	7312	-1	C	K19294	alginate O-acetyltransferase complex protein AlgI								MBOAT, membrane-bound O-acyltransferase family [PF03062.22]; Membrane bound O-acyl transferase family [PF13813.9]					0
SAMN04328180_MNWB01000006.1_8	SAMN04328180	MNWB01000006.1	8	7316	13756	-1	C	K06894	alpha-2-macroglobulin	MER0141566	I39	MER0141566 - family I39 unassigned peptidase inhibitors (Brachyspira hyodysenteriae) [I39.UPW]#I39#{inhibitor unit: 469-1906}~source ACN83412~	True	0.231	401.0	3.661e-110	Bacterial Alpha-2-macroglobulin MG10 domain [PF17973.4]; A-macroglobulin TED domain [PF07678.17]; Alpha-2-macroglobulin family [PF00207.25]; MG2 domain [PF01835.22]; Alpha-2-macroglobulin bait region domain [PF07703.17]; Bacterial macroglobulin domain 6 [PF17962.4]					0
SAMN04328180_MNWB01000006.1_9	SAMN04328180	MNWB01000006.1	9	13821	14777	-1	C	K07082	UPF0755 protein								YceG-like family [PF02618.19]					0
SAMN04328180_MNWB01000006.1_10	SAMN04328180	MNWB01000006.1	10	14858	15223	-1	D										23S rRNA-intervening sequence protein [PF05635.14]					0
SAMN04328180_MNWB01000006.1_11	SAMN04328180	MNWB01000006.1	11	15227	15577	-1	D										Protein-L-isoaspartate(D-aspartate) O-methyltransferase (PCMT) [PF01135.22]					0
SAMN04328180_MNWB01000007.1_1	SAMN04328180	MNWB01000007.1	1	3	74	1	E															0
SAMN04328180_MNWB01000007.1_2	SAMN04328180	MNWB01000007.1	2	164	526	1	D										Protein of unknown function (DUF498/DUF598) [PF04430.17]					0
SAMN04328180_MNWB01000007.1_3	SAMN04328180	MNWB01000007.1	3	531	1091	1	C	K03088	RNA polymerase sigma-70 factor, ECF subfamily								Sigma-70 region 2 [PF04542.17]; ECF sigma factor [PF07638.14]; Sigma-70, region 4 [PF08281.15]; Sigma-70, region 4 [PF04545.19]					0
SAMN04328180_MNWB01000007.1_4	SAMN04328180	MNWB01000007.1	4	1115	1927	1	E															0
SAMN04328180_MNWB01000007.1_5	SAMN04328180	MNWB01000007.1	5	2050	2868	1	D										Putative peptidoglycan binding domain [PF01471.21]; Kre9/KNH-like N-terminal Ig-like domain [PF10342.12]					0
SAMN04328180_MNWB01000007.1_6	SAMN04328180	MNWB01000007.1	6	3287	3469	1	E															1
SAMN04328180_MNWB01000007.1_7	SAMN04328180	MNWB01000007.1	7	3562	4461	1	C	K04070	putative pyruvate formate lyase activating enzyme [EC:1.97.1.4]								4Fe-4S single cluster domain [PF13353.9]; Radical SAM superfamily [PF04055.24]					0
SAMN04328180_MNWB01000007.1_8	SAMN04328180	MNWB01000007.1	8	4461	5516	1	C	K07282	gamma-polyglutamate biosynthesis protein CapA								Bacterial capsule synthesis protein PGA_cap [PF09587.13]					0
SAMN04328180_MNWB01000007.1_9	SAMN04328180	MNWB01000007.1	9	5521	7395	1	D										E1-E2 ATPase [PF00122.23]; haloacid dehalogenase-like hydrolase [PF00702.29]; Cation transporter/ATPase, N-terminus [PF00690.29]					0
SAMN04328180_MNWB01000008.1_1	SAMN04328180	MNWB01000008.1	1	459	677	-1	E															0
SAMN04328180_MNWB01000008.1_2	SAMN04328180	MNWB01000008.1	2	850	1134	-1	C	K02959	small subunit ribosomal protein S16													0
SAMN04328180_MNWB01000008.1_3	SAMN04328180	MNWB01000008.1	3	1309	1530	-1	D										GIY-YIG catalytic domain [PF01541.27]					0
SAMN04328180_MNWB01000008.1_4	SAMN04328180	MNWB01000008.1	4	1570	2259	-1	C	K03685	ribonuclease III [EC:3.1.26.3]								Ribonuclease-III-like [PF14622.9]; Ribonuclease III domain [PF00636.29]; Double-stranded RNA binding motif [PF00035.29]					0
SAMN04328180_MNWB01000008.1_5	SAMN04328180	MNWB01000008.1	5	2351	2773	-1	C	K03625	transcription antitermination protein NusB								NusB family [PF01029.21]					0
SAMN04328180_MNWB01000008.1_6	SAMN04328180	MNWB01000008.1	6	2778	3071	-1	C	K02911	large subunit ribosomal protein L32								Ribosomal L32p protein family [PF01783.26]					0
SAMN04328180_MNWB01000008.1_7	SAMN04328180	MNWB01000008.1	7	3163	3927	-1	C	K03470	ribonuclease HII [EC:3.1.26.4]								Ribonuclease HII [PF01351.21]					0
SAMN04328180_MNWB01000009.1_1	SAMN04328180	MNWB01000009.1	1	2	823	1	D										Cation transporting ATPase, C-terminus [PF00689.24]					0
SAMN04328180_MNWB01000009.1_2	SAMN04328180	MNWB01000009.1	2	800	1852	-1	C	K01974	RNA 3'-terminal phosphate cyclase (ATP) [EC:6.5.1.4]								RNA 3'-terminal phosphate cyclase [PF01137.24]; RNA 3'-terminal phosphate cyclase (RTC), insert domain [PF05189.16]					0
SAMN04328180_MNWB01000009.1_3	SAMN04328180	MNWB01000009.1	3	1894	3078	-1	D										Tryptophan/tyrosine permease family [PF03222.16]; Transmembrane amino acid transporter protein [PF01490.21]; Amino acid permease [PF13520.9]					0
SAMN04328180_MNWB01000009.1_4	SAMN04328180	MNWB01000009.1	4	3068	3538	-1	C	K07507	putative Mg2+ transporter-C (MgtC) family protein								MgtC family [PF02308.19]					0
SAMN04328180_MNWB01000009.1_5	SAMN04328180	MNWB01000009.1	5	3552	3827	-1	D			MER0502186	U32	MER0502186 - family U32 unassigned peptidases (Dehalococcoides mccartyi) [U32.UPW]#U32#{peptidase unit: 6-80}~source YP_007483992~	False	0.49	71.0	3.198e-14						0
SAMN04328180_MNWB01000009.1_6	SAMN04328180	MNWB01000009.1	6	3867	4457	-1	D										SLOG cluster4 family [PF18306.4]					0
SAMN04328180_MNWB01000009.1_7	SAMN04328180	MNWB01000009.1	7	4811	5479	-1	D										Methyltransferase domain [PF08241.15]; Methyltransferase domain [PF13847.9]; Methyltransferase domain [PF13649.9]; Methyltransferase domain [PF13489.9]; ubiE/COQ5 methyltransferase family [PF01209.21]; Methyltransferase domain [PF08242.15]; Mycolic acid cyclopropane synthetase [PF02353.23]; Tellurite resistance protein TehB [PF03848.17]; Methionine biosynthesis protein MetW [PF07021.15]; mRNA capping enzyme [PF03291.19]; Protein of unknown function (DUF1698) [PF08003.14]					0
SAMN04328180_MNWB01000009.1_8	SAMN04328180	MNWB01000009.1	8	5502	7199	1	C	K07739	elongator complex protein 3 (tRNA carboxymethyluridine synthase) [EC:2.3.1.311]								Radical_SAM C-terminal domain [PF16199.8]					0
SAMN04328180_MNWB01000009.1_9	SAMN04328180	MNWB01000009.1	9	7333	8337	1	D										tRNA synthetases class II (D, K and N) [PF00152.23]					0
SAMN04328180_MNWB01000009.1_10	SAMN04328180	MNWB01000009.1	10	8440	8838	-1	E															0
SAMN04328180_MNWB01000009.1_11	SAMN04328180	MNWB01000009.1	11	8935	9024	-1	E															0
SAMN04328180_MNWB01000010.1_1	SAMN04328180	MNWB01000010.1	1	172	996	1	D										Protein phosphatase 2C [PF13672.9]					0
SAMN04328180_MNWB01000010.1_2	SAMN04328180	MNWB01000010.1	2	1070	2335	1	C	K00790	UDP-N-acetylglucosamine 1-carboxyvinyltransferase [EC:2.5.1.7]								EPSP synthase (3-phosphoshikimate 1-carboxyvinyltransferase) [PF00275.23]					0
SAMN04328180_MNWB01000010.1_3	SAMN04328180	MNWB01000010.1	3	2414	3421	1	C	K03569	rod shape-determining protein MreB and related proteins								MreB/Mbl protein [PF06723.16]; Hsp70 protein [PF00012.23]; Cell division protein FtsA [PF14450.9]					0
SAMN04328180_MNWB01000010.1_4	SAMN04328180	MNWB01000010.1	4	3706	4662	1	C	K02341	DNA polymerase III subunit delta' [EC:2.7.7.7]								DNA polymerase III, delta subunit [PF13177.9]					0
SAMN04328180_MNWB01000010.1_5	SAMN04328180	MNWB01000010.1	5	4757	5326	1	C	K02838	ribosome recycling factor								Ribosome recycling factor [PF01765.22]					0
SAMN04328180_MNWB01000010.1_6	SAMN04328180	MNWB01000010.1	6	5422	6450	1	C	K11749	regulator of sigma E protease [EC:3.4.24.-]	MER0898677	M50A	MER0898677 - subfamily M50A unassigned peptidases () [M50.UPA]#M50A#{peptidase unit: 2-347}~source K2E4I0~	False	0.384	226.0	1.3720000000000002e-63	Peptidase family M50 [PF02163.25]; PDZ domain [PF13180.9]					0
SAMN04328180_MNWB01000010.1_7	SAMN04328180	MNWB01000010.1	7	6479	7738	1	C	K01881	prolyl-tRNA synthetase [EC:6.1.1.15]								tRNA synthetase class II core domain (G, H, P, S and T) [PF00587.28]; Anticodon binding domain [PF03129.23]; Histidyl-tRNA synthetase [PF13393.9]					0
SAMN04328180_MNWB01000010.1_8	SAMN04328180	MNWB01000010.1	8	7717	8796	1	C	K03569	rod shape-determining protein MreB and related proteins								MreB/Mbl protein [PF06723.16]; Hsp70 protein [PF00012.23]; Actin [PF00022.22]; Type IV pilus assembly protein PilM; [PF11104.11]; Cell division protein FtsA [PF14450.9]					0
SAMN04328180_MNWB01000010.1_9	SAMN04328180	MNWB01000010.1	9	8898	9185	1	C	K02435	aspartyl-tRNA(Asn)/glutamyl-tRNA(Gln) amidotransferase subunit C [EC:6.3.5.6 6.3.5.7]								Glu-tRNAGln amidotransferase C subunit [PF02686.18]					0
SAMN04328180_MNWB01000010.1_10	SAMN04328180	MNWB01000010.1	10	9187	10734	1	C	K02433	aspartyl-tRNA(Asn)/glutamyl-tRNA(Gln) amidotransferase subunit A [EC:6.3.5.6 6.3.5.7]								Amidase [PF01425.24]					0
SAMN04328180_MNWB01000010.1_11	SAMN04328180	MNWB01000010.1	11	10731	11222	1	E															0
SAMN04328180_MNWB01000010.1_12	SAMN04328180	MNWB01000010.1	12	11664	11831	-1	E															0
SAMN04328180_MNWB01000011.1_1	SAMN04328180	MNWB01000011.1	1	1	1110	-1	C	K02662	type IV pilus assembly protein PilM								Type IV pilus assembly protein PilM; [PF11104.11]; Cell division protein FtsA [PF14450.9]; MreB/Mbl protein [PF06723.16]					0
SAMN04328180_MNWB01000011.1_2	SAMN04328180	MNWB01000011.1	2	1256	1876	1	C	K02242	competence protein ComFC								Phosphoribosyl transferase domain [PF00156.30]; Phosphoribosyl synthetase-associated domain [PF14572.9]					0
SAMN04328180_MNWB01000011.1_3	SAMN04328180	MNWB01000011.1	3	1753	1992	-1	E															0
SAMN04328180_MNWB01000011.1_4	SAMN04328180	MNWB01000011.1	4	2505	4697	1	C	K03655	ATP-dependent DNA helicase RecG [EC:5.6.2.4]								RecG wedge domain [PF17191.7]; ATP-dependent DNA helicase RecG, domain 3, C-terminal [PF19833.2]; Helicase conserved C-terminal domain [PF00271.34]; Type III restriction enzyme, res subunit [PF04851.18]; DEAD/DEAH box helicase [PF00270.32]					0
SAMN04328180_MNWB01000011.1_5	SAMN04328180	MNWB01000011.1	5	4749	6281	-1	E															0
SAMN04328180_MNWB01000012.1_1	SAMN04328180	MNWB01000012.1	1	2	541	1	C	K02959	small subunit ribosomal protein S16								Ribosomal protein S16 [PF00886.22]					0
SAMN04328180_MNWB01000012.1_2	SAMN04328180	MNWB01000012.1	2	856	1173	1	C	K06960	uncharacterized protein								KH domain [PF13083.9]					0
SAMN04328180_MNWB01000012.1_3	SAMN04328180	MNWB01000012.1	3	1346	2041	1	C	K00554	tRNA (guanine37-N1)-methyltransferase [EC:2.1.1.228]								tRNA (Guanine-1)-methyltransferase [PF01746.24]					0
SAMN04328180_MNWB01000012.1_4	SAMN04328180	MNWB01000012.1	4	2530	3006	1	E															0
SAMN04328180_MNWB01000012.1_5	SAMN04328180	MNWB01000012.1	5	3010	3594	1	D										MjaI restriction endonuclease [PF09568.13]					0
SAMN04328180_MNWB01000012.1_6	SAMN04328180	MNWB01000012.1	6	3601	4551	1	C	K24451	modification methylase								DNA methylase [PF01555.21]					0
SAMN04328180_MNWB01000012.1_7	SAMN04328180	MNWB01000012.1	7	4876	5232	1	E															0
SAMN04328180_MNWB01000012.1_8	SAMN04328180	MNWB01000012.1	8	5361	5681	-1	D										Bacteriophage holin family [PF05105.15]					0
SAMN04328180_MNWB01000012.1_9	SAMN04328180	MNWB01000012.1	9	6013	6300	1	D										Protein-L-isoaspartate(D-aspartate) O-methyltransferase (PCMT) [PF01135.22]					0
SAMN04328180_MNWB01000013.1_1	SAMN04328180	MNWB01000013.1	1	2	1222	-1	D										His Kinase A (phospho-acceptor) domain [PF00512.28]; PAS fold [PF00989.28]; PAS fold [PF08448.13]					0
SAMN04328180_MNWB01000013.1_2	SAMN04328180	MNWB01000013.1	2	1239	1841	-1	E															0
SAMN04328180_MNWB01000013.1_3	SAMN04328180	MNWB01000013.1	3	1890	3212	-1	D										Flavodoxin [PF12682.10]; Flavodoxin domain [PF12724.10]; Flavodoxin domain [PF12641.10]					0
SAMN04328180_MNWB01000013.1_4	SAMN04328180	MNWB01000013.1	4	3269	3829	-1	D										PAS domain [PF13426.10]; PAS fold [PF08448.13]; PAS fold [PF00989.28]					0
SAMN04328180_MNWB01000013.1_5	SAMN04328180	MNWB01000013.1	5	3820	4134	-1	E															0
SAMN04328180_MNWB01000014.1_1	SAMN04328180	MNWB01000014.1	1	1	561	1	C	K03590	cell division protein FtsA								Cell division protein FtsA [PF14450.9]; MreB/Mbl protein [PF06723.16]					0
SAMN04328180_MNWB01000014.1_2	SAMN04328180	MNWB01000014.1	2	558	1694	1	C	K03531	cell division protein FtsZ								FtsZ family, C-terminal domain [PF12327.11]; Tubulin/FtsZ family, GTPase domain [PF00091.28]					0
SAMN04328180_MNWB01000014.1_3	SAMN04328180	MNWB01000014.1	3	1703	4303	1	C	K21636	ribonucleoside-triphosphate reductase (formate) [EC:1.1.98.6]	MER0194633	N10	MER0194633 - family N10 unassigned peptide lyases (Pyrococcus horikoshii) [N10.UPW]#N10#{peptidase unit: 493-772, 911-953}~source BAA31074~	False	0.245	62.0	3.763e-08	Anaerobic ribonucleoside-triphosphate reductase [PF13597.9]; ATP cone domain [PF03477.19]					0
SAMN04328180_MNWB01000015.1_1	SAMN04328180	MNWB01000015.1	1	234	689	-1	C	K07063	uncharacterized protein								PIN domain [PF13470.9]					0
SAMN04328180_MNWB01000015.1_2	SAMN04328180	MNWB01000015.1	2	640	870	-1	E															0
SAMN04328180_MNWB01000015.1_3	SAMN04328180	MNWB01000015.1	3	1403	2008	1	D			MER0892305	M50B	MER0892305 - subfamily M50B non-peptidase homologues () [M50.UNB]#M50B#{peptidase unit: 6-198}~source K2EZ98~	False	0.453	160.0	3.457e-43						0
SAMN04328180_MNWB01000015.1_4	SAMN04328180	MNWB01000015.1	4	2132	2485	1	C	K02950	small subunit ribosomal protein S12								Ribosomal protein S12/S23 [PF00164.28]; Ribosomal protein S7p/S5e [PF00177.24]					0
SAMN04328180_MNWB01000015.1_5	SAMN04328180	MNWB01000015.1	5	2490	2957	1	C	K02992	small subunit ribosomal protein S7								Ribosomal protein S7p/S5e [PF00177.24]					0
SAMN04328180_MNWB01000015.1_6	SAMN04328180	MNWB01000015.1	6	3051	5234	1	C	K02355	elongation factor G								Elongation factor G, domain IV [PF03764.21]; Elongation factor Tu GTP binding domain [PF00009.30]; Elongation Factor G, domain III [PF14492.9]; Elongation factor G C-terminus [PF00679.27]; Elongation factor Tu domain 2 [PF03144.28]					0
SAMN04328180_MNWB01000015.1_7	SAMN04328180	MNWB01000015.1	7	5559	5825	1	E															0
SAMN04328180_MNWB01000015.1_8	SAMN04328180	MNWB01000015.1	8	5822	6130	1	E															0
SAMN04328180_MNWB01000015.1_9	SAMN04328180	MNWB01000015.1	9	6135	6572	1	E															0
SAMN04328180_MNWB01000016.1_1	SAMN04328180	MNWB01000016.1	1	3	320	-1	C	K02959	small subunit ribosomal protein S16								Ribosomal protein S16 [PF00886.22]					0
SAMN04328180_MNWB01000016.1_2	SAMN04328180	MNWB01000016.1	2	467	1156	-1	C	K03685	ribonuclease III [EC:3.1.26.3]								Ribonuclease-III-like [PF14622.9]; Ribonuclease III domain [PF00636.29]; Double-stranded RNA binding motif [PF00035.29]					0
SAMN04328180_MNWB01000016.1_3	SAMN04328180	MNWB01000016.1	3	1204	1659	-1	C	K03625	transcription antitermination protein NusB								NusB family [PF01029.21]					0
SAMN04328180_MNWB01000016.1_4	SAMN04328180	MNWB01000016.1	4	1661	1996	-1	C	K02911	large subunit ribosomal protein L32								Ribosomal L32p protein family [PF01783.26]; zinc-ribbon domain [PF13248.9]					0
SAMN04328180_MNWB01000016.1_5	SAMN04328180	MNWB01000016.1	5	2071	2916	-1	C	K03470	ribonuclease HII [EC:3.1.26.4]								Ribonuclease HII [PF01351.21]					0
SAMN04328180_MNWB01000016.1_6	SAMN04328180	MNWB01000016.1	6	3015	4073	1	E															0
SAMN04328180_MNWB01000016.1_7	SAMN04328180	MNWB01000016.1	7	4313	5149	1	D										PHP domain [PF02811.22]					0
SAMN04328180_MNWB01000017.1_1	SAMN04328180	MNWB01000017.1	1	3	770	1	D										tRNA synthetases class I (C) catalytic domain [PF01406.22]; DALR domain [PF09190.14]; tRNA synthetases class I (I, L, M and V) [PF00133.25]; tRNA synthetases class I (M) [PF09334.14]					0
SAMN04328180_MNWB01000017.1_2	SAMN04328180	MNWB01000017.1	2	767	1996	-1	D										Glycosyl transferases group 1 [PF00534.23]; Glycosyl transferases group 1 [PF13692.9]; Glycosyltransferase Family 4 [PF13439.9]	GT4	GT4 sucrose synthase (EC 2.4.1.13); sucrose-phosphate synthase (EC 2.4.1.14); alpha-glucosyltransferase (EC 2.4.1.52); lipopolysaccharide N-acetylglucosaminyltransferase (EC 2.4.1.56); phosphatidylinositol alpha-mannosyltransferase (EC 2.4.1.57); GDP-Man: Man1GlcNAc2-PP-dolichol alpha-1,3-mannosyltransferase (EC 2.4.1.132); GDP-Man: Man3GlcNAc2-PP-dolichol/Man4GlcNAc2-PP-dolichol alpha-1,2-mannosyltransferase (EC 2.4.1.131); digalactosyldiacylglycerol synthase (EC 2.4.1.141); 1,2-diacylglycerol 3-glucosyltransferase (EC 2.4.1.157); diglucosyl diacylglycerol synthase (EC 2.4.1.208); trehalose phosphorylase (EC 2.4.1.231); NDP-Glc: alpha-glucose alpha-glucosyltransferase / alpha,alpha-trehalose synthase (EC 2.4.1.245); GDP-Man: Man2GlcNAc2-PP-dolichol alpha-1,6-mannosyltransferase (EC 2.4.1.257); UDP-GlcNAc: 2-deoxystreptamine alpha-N-acetylglucosaminyltransferase (EC 2.4.1.283); UDP-GlcNAc: ribostamycin alpha-N-acetylglucosaminyltransferase (EC 2.4.1.285); UDP-Gal alpha-galactosyltransferase (EC 2.4.1.-); UDP-Xyl alpha-xylosyltransferase (EC 2.4.2.-); UDP-GlcA alpha-glucuronyltransferase (EC 2.4.1.-); UDP-Glc alpha-glucosyltransferase (EC 2.4.1.-); UDP-GalNAc: GalNAc-PP-Und alpha-1,3-N-acetylgalactosaminyltransferase (EC 2.4.1.306); UDP-GalNAc: N,N'-diacetylbacillosaminyl-PP-Und alpha-1,3-N-acetylgalactosaminyltransferase (EC 2.4.1.290); ADP-dependent alpha-maltose-1-phosphate synthase (2.4.1.342); [retaining] UDP-GlcNAc: polypeptide alpha-N-acetylglucosaminyltransferase (EC 2.4.1.-); UDP-GlcNAc: alpha-N-acetylglucosaminyltransferase (EC 2.4.1.-)	2.4.1.131,2.4.1.13,2.4.1.14,2.4.1.157,2.4.1.198,2.4.1.208,2.4.1.21,2.4.1.231,2.4.1.241,2.4.1.245,2.4.1.252,2.4.1.257,2.4.1.270,2.4.1.283,2.4.1.285,2.4.1.290,2.4.1.342,2.4.1.57,2.4.1.-,2.4.2.-,2.4.1.132	GT4.hmm	0
SAMN04328180_MNWB01000017.1_3	SAMN04328180	MNWB01000017.1	3	2124	3482	1	C	K02314	replicative DNA helicase [EC:5.6.2.3]								DnaB-like helicase C terminal domain [PF03796.18]; DnaB-like helicase N terminal domain [PF00772.24]; AAA domain [PF13481.9]					0
SAMN04328180_MNWB01000017.1_4	SAMN04328180	MNWB01000017.1	4	3483	4079	1	C	K06187	recombination protein RecR								Toprim domain [PF13662.9]; RecR protein [PF02132.18]					0
SAMN04328180_MNWB01000017.1_5	SAMN04328180	MNWB01000017.1	5	4168	4473	-1	C	K02888	large subunit ribosomal protein L21								Ribosomal prokaryotic L21 protein [PF00829.24]					0
SAMN04328180_MNWB01000018.1_1	SAMN04328180	MNWB01000018.1	1	31	1902	-1	D										GTP-binding protein LepA C-terminus [PF06421.15]; Elongation factor Tu GTP binding domain [PF00009.30]; Elongation factor G C-terminus [PF00679.27]; Elongation Factor G, domain III [PF14492.9]; Elongation factor Tu domain 2 [PF03144.28]					0
SAMN04328180_MNWB01000018.1_2	SAMN04328180	MNWB01000018.1	2	1934	3574	-1	C	K03980	putative peptidoglycan lipid II flippase								Lipid II flippase MurJ [PF03023.17]; Polysaccharide biosynthesis protein [PF13440.9]					0
SAMN04328180_MNWB01000018.1_3	SAMN04328180	MNWB01000018.1	3	4385	4825	-1	D										Reverse transcriptase-like [PF13456.9]; RNase H [PF00075.27]					0
SAMN04328180_MNWB01000019.1_1	SAMN04328180	MNWB01000019.1	1	3	455	-1	C	K01518	bis(5'-nucleosidyl)-tetraphosphatase [EC:3.6.1.17]								NUDIX domain [PF00293.31]					0
SAMN04328180_MNWB01000019.1_2	SAMN04328180	MNWB01000019.1	2	491	2215	-1	E															0
SAMN04328180_MNWB01000019.1_3	SAMN04328180	MNWB01000019.1	3	2377	4161	-1	C	K02347	DNA polymerase (family X)								DNA polymerase beta thumb [PF14791.9]; Helix-hairpin-helix domain [PF14716.9]; Fingers domain of DNA polymerase lambda [PF10391.12]					0
SAMN04328180_MNWB01000019.1_4	SAMN04328180	MNWB01000019.1	4	4297	4842	-1	E															0
SAMN04328180_MNWB01000020.1_1	SAMN04328180	MNWB01000020.1	1	2	556	-1	E															0
SAMN04328180_MNWB01000020.1_2	SAMN04328180	MNWB01000020.1	2	627	2000	-1	D										Thrombospondin type 3 repeat [PF02412.21]					0
SAMN04328180_MNWB01000020.1_3	SAMN04328180	MNWB01000020.1	3	2007	3833	-1	D										Predicted membrane protein (DUF2339) [PF10101.12]					0
SAMN04328180_MNWB01000020.1_4	SAMN04328180	MNWB01000020.1	4	3880	4335	-1	E															0
SAMN04328180_MNWB01000020.1_5	SAMN04328180	MNWB01000020.1	5	4347	4706	-1	E															0
SAMN04328180_MNWB01000021.1_1	SAMN04328180	MNWB01000021.1	1	221	538	1	E															0
SAMN04328180_MNWB01000021.1_2	SAMN04328180	MNWB01000021.1	2	1039	2103	-1	D										Adenylate kinase [PF00406.25]					0
SAMN04328180_MNWB01000021.1_3	SAMN04328180	MNWB01000021.1	3	2155	3066	-1	C	K02238	competence protein ComEC								Metallo-beta-lactamase superfamily [PF00753.30]					0
SAMN04328180_MNWB01000021.1_4	SAMN04328180	MNWB01000021.1	4	3162	3326	-1	D										Domain of unknown function (DUF5679) [PF18930.3]					0
SAMN04328180_MNWB01000021.1_5	SAMN04328180	MNWB01000021.1	5	3541	4800	-1	D										Glutamate/Leucine/Phenylalanine/Valine dehydrogenase [PF00208.24]; Glu/Leu/Phe/Val dehydrogenase, dimerisation domain [PF02812.21]					0
SAMN04328180_MNWB01000021.1_6	SAMN04328180	MNWB01000021.1	6	4822	5364	-1	E															0
SAMN04328180_MNWB01000022.1_1	SAMN04328180	MNWB01000022.1	1	369	674	-1	E															0
SAMN04328180_MNWB01000022.1_2	SAMN04328180	MNWB01000022.1	2	764	1219	-1	C	K03624	transcription elongation factor GreA								Transcription elongation factor, N-terminal [PF03449.18]; Transcription elongation factor, GreA/GreB, C-term [PF01272.22]					0
SAMN04328180_MNWB01000022.1_3	SAMN04328180	MNWB01000022.1	3	1253	1654	-1	D										PD-(D/E)XK nuclease superfamily [PF13366.9]					0
SAMN04328180_MNWB01000022.1_4	SAMN04328180	MNWB01000022.1	4	1802	3847	-1	C	K05515	penicillin-binding protein 2 [EC:3.4.16.4]	MER0001762	SPE	MER0001762 - penicillin-binding protein 2 (Escherichia coli) [X52.001]#SPE#{peptidase unit: 194-421}~source PBP2_ECOLI~	False	0.326	128.0	2.225e-28	Penicillin binding protein transpeptidase domain [PF00905.25]; Penicillin-binding Protein dimerisation domain [PF03717.18]					0
SAMN04328180_MNWB01000023.1_1	SAMN04328180	MNWB01000023.1	1	221	919	-1	D										Methyltransferase small domain [PF05175.17]; Conserved hypothetical protein 95 [PF03602.18]; N-6 DNA Methylase [PF02384.19]; Methyltransferase domain [PF08242.15]; Methyltransferase domain [PF13847.9]					0
SAMN04328180_MNWB01000023.1_2	SAMN04328180	MNWB01000023.1	2	971	1387	-1	D										5' nucleotidase, deoxy (Pyrimidine), cytosolic type C protein (NT5C) [PF06941.15]					0
SAMN04328180_MNWB01000023.1_3	SAMN04328180	MNWB01000023.1	3	1475	2065	-1	C	K01069	hydroxyacylglutathione hydrolase [EC:3.1.2.6]								Metallo-beta-lactamase superfamily [PF00753.30]; Metallo-beta-lactamase superfamily [PF14597.9]; Beta-lactamase superfamily domain [PF12706.10]; ODP family beta lactamase [PF19583.2]					0
SAMN04328180_MNWB01000023.1_4	SAMN04328180	MNWB01000023.1	4	2055	2414	-1	E															0
SAMN04328180_MNWB01000023.1_5	SAMN04328180	MNWB01000023.1	5	2944	3420	1	D										Transcription elongation factor, GreA/GreB, C-term [PF01272.22]; Transcription elongation factor, N-terminal [PF03449.18]					0
SAMN04328180_MNWB01000023.1_6	SAMN04328180	MNWB01000023.1	6	3652	4386	1	C	K07023	5'-deoxynucleotidase [EC:3.1.3.89]								HD domain [PF13023.9]; 5'-deoxynucleotidase YfbR-like [PF12917.10]					0
SAMN04328180_MNWB01000024.1_1	SAMN04328180	MNWB01000024.1	1	103	336	-1	E															0
SAMN04328180_MNWB01000024.1_2	SAMN04328180	MNWB01000024.1	2	408	1703	-1	D										Radical SAM superfamily [PF04055.24]; 4Fe-4S single cluster domain [PF13353.9]; 4Fe-4S single cluster domain [PF13394.9]					0
SAMN04328180_MNWB01000024.1_3	SAMN04328180	MNWB01000024.1	3	1708	2253	-1	D										Bacterial regulatory proteins, tetR family [PF00440.26]					0
SAMN04328180_MNWB01000024.1_4	SAMN04328180	MNWB01000024.1	4	2344	2565	-1	E															0
SAMN04328180_MNWB01000024.1_5	SAMN04328180	MNWB01000024.1	5	2570	3286	-1	D										Putative undecaprenyl diphosphate synthase [PF01255.22]					0
SAMN04328180_MNWB01000024.1_6	SAMN04328180	MNWB01000024.1	6	3375	3566	-1	E															0
SAMN04328180_MNWB01000024.1_7	SAMN04328180	MNWB01000024.1	7	3672	3944	1	C	K02899	large subunit ribosomal protein L27								Ribosomal L27 protein [PF01016.22]					0
SAMN04328180_MNWB01000024.1_8	SAMN04328180	MNWB01000024.1	8	4006	5655	-1	C	K01937	CTP synthase [EC:6.3.4.2]	MER0065772	C26	MER0065772 - CTP synthetase (Aeropyrum pernix) [C26.964]#C26#{peptidase unit: 1-538}~source NP_148051~	True	0.471	461.0	5.691e-141	CTP synthase N-terminus [PF06418.17]; Glutamine amidotransferase class-I [PF00117.31]; Peptidase C26 [PF07722.16]					0
SAMN04328180_MNWB01000024.1_9	SAMN04328180	MNWB01000024.1	9	5745	6191	-1	C	K02939	large subunit ribosomal protein L9								Ribosomal protein L9, C-terminal domain [PF03948.17]; Ribosomal protein L9, N-terminal domain [PF01281.22]					0
SAMN04328180_MNWB01000024.1_10	SAMN04328180	MNWB01000024.1	10	6337	7536	-1	C	K03797	carboxyl-terminal processing protease [EC:3.4.21.102]	MER1056282	S41A	MER1056282 - subfamily S41A unassigned peptidases () [S41.UPA]#S41A#{peptidase unit: 108-225, 248-414}~source K2GC93~	False	0.468	263.0	2.647e-75	Peptidase family S41 [PF03572.21]; Peptidase family M50 [PF02163.25]; PDZ domain [PF13180.9]; PDZ domain [PF17820.4]; PDZ domain [PF00595.27]					0
SAMN04328180_MNWB01000024.1_11	SAMN04328180	MNWB01000024.1	11	7682	7885	-1	E															0
SAMN04328180_MNWB01000024.1_12	SAMN04328180	MNWB01000024.1	12	7966	9753	-1	E															0
SAMN04328180_MNWB01000024.1_13	SAMN04328180	MNWB01000024.1	13	9726	10085	-1	E															0
SAMN04328180_MNWB01000025.1_1	SAMN04328180	MNWB01000025.1	1	201	1880	1	C	K12574	ribonuclease J [EC:3.1.-.-]								Ribonuclease J C-terminal domain [PF17770.4]; Beta-lactamase superfamily domain [PF12706.10]; Metallo-beta-lactamase superfamily [PF00753.30]; Zn-dependent metallo-hydrolase RNA specificity domain [PF07521.15]; Metallo-beta-lactamase superfamily domain [PF16661.8]					0
SAMN04328180_MNWB01000025.1_2	SAMN04328180	MNWB01000025.1	2	1920	2144	1	C	K18843	antitoxin HicB								HicB_like antitoxin of bacterial toxin-antitoxin system [PF15919.8]					0
SAMN04328180_MNWB01000025.1_3	SAMN04328180	MNWB01000025.1	3	2141	2371	1	C	K07339	mRNA interferase HicA [EC:3.1.-.-]								HicA toxin of bacterial toxin-antitoxin, [PF07927.15]					0
SAMN04328180_MNWB01000025.1_4	SAMN04328180	MNWB01000025.1	4	2586	3266	1	C	K01779	aspartate racemase [EC:5.1.1.13]								Asp/Glu/Hydantoin racemase [PF01177.25]					0
SAMN04328180_MNWB01000025.1_5	SAMN04328180	MNWB01000025.1	5	3268	4242	1	C	K01867	tryptophanyl-tRNA synthetase [EC:6.1.1.2]								tRNA synthetases class I (W and Y) [PF00579.28]					0
SAMN04328180_MNWB01000025.1_6	SAMN04328180	MNWB01000025.1	6	4239	5027	-1	D										haloacid dehalogenase-like hydrolase [PF08282.15]					0
SAMN04328180_MNWB01000025.1_7	SAMN04328180	MNWB01000025.1	7	5082	6209	1	D										Protein of unknown function (DUF933) [PF06071.16]; 50S ribosome-binding GTPase [PF01926.26]; Ferrous iron transport protein B [PF02421.21]					0
SAMN04328180_MNWB01000025.1_8	SAMN04328180	MNWB01000025.1	8	6219	6623	1	C	K02990	small subunit ribosomal protein S6								Ribosomal protein S6 [PF01250.20]					0
SAMN04328180_MNWB01000025.1_9	SAMN04328180	MNWB01000025.1	9	6625	6819	1	C	K03111	single-strand DNA-binding protein								Single-strand binding protein family [PF00436.28]					0
SAMN04328180_MNWB01000026.1_1	SAMN04328180	MNWB01000026.1	1	1	588	1	E															0
SAMN04328180_MNWB01000026.1_2	SAMN04328180	MNWB01000026.1	2	755	2569	1	E															0
SAMN04328180_MNWB01000026.1_3	SAMN04328180	MNWB01000026.1	3	2708	4609	1	C	K25232	fatty acid kinase fatty acid binding subunit								Uncharacterised protein, DegV family COG1307 [PF02645.19]; DAK2 domain [PF02734.20]; Dihydroxyacetone kinase family [PF13684.9]					0
SAMN04328180_MNWB01000026.1_4	SAMN04328180	MNWB01000026.1	4	4698	5003	1	C	K07461	putative endonuclease								GIY-YIG catalytic domain [PF01541.27]					0
SAMN04328180_MNWB01000026.1_5	SAMN04328180	MNWB01000026.1	5	4987	6153	1	D										Thiolase, C-terminal domain [PF02803.21]; Thiolase, N-terminal domain [PF00108.26]					0
SAMN04328180_MNWB01000026.1_6	SAMN04328180	MNWB01000026.1	6	6157	6747	1	D										Family of unknown function (DUF6580) [PF20221.1]					0
SAMN04328180_MNWB01000026.1_7	SAMN04328180	MNWB01000026.1	7	6753	8294	1	D										Domain of unknown function (DUF4070) [PF13282.9]; Radical SAM superfamily [PF04055.24]; B12 binding domain [PF02310.22]					0
SAMN04328180_MNWB01000026.1_8	SAMN04328180	MNWB01000026.1	8	8556	9605	1	D										Domain of unknown function (DUF362) [PF04015.15]					0
SAMN04328180_MNWB01000027.1_1	SAMN04328180	MNWB01000027.1	1	144	1088	-1	D										Phage integrase family [PF00589.25]; Phage integrase, N-terminal SAM-like domain [PF02899.20]					0
SAMN04328180_MNWB01000027.1_2	SAMN04328180	MNWB01000027.1	2	1095	2453	-1	D										Phage integrase, N-terminal SAM-like domain [PF13495.9]; Phage integrase, N-terminal SAM-like domain [PF02899.20]					0
SAMN04328180_MNWB01000027.1_3	SAMN04328180	MNWB01000027.1	3	2550	2918	-1	E															0
SAMN04328180_MNWB01000027.1_4	SAMN04328180	MNWB01000027.1	4	2915	4726	-1	C	K01885	glutamyl-tRNA synthetase [EC:6.1.1.17]								tRNA synthetases class I (E and Q), catalytic domain [PF00749.24]; Anticodon binding domain [PF19269.2]					0
SAMN04328180_MNWB01000027.1_5	SAMN04328180	MNWB01000027.1	5	4876	6000	-1	C	K02563	UDP-N-acetylglucosamine--N-acetylmuramyl-(pentapeptide) pyrophosphoryl-undecaprenol N-acetylglucosamine transferase [EC:2.4.1.227]								Glycosyltransferase family 28 C-terminal domain [PF04101.19]; Glycosyltransferase family 28 N-terminal domain [PF03033.23]	GT28	GT28 1,2-diacylglycerol 3-beta-galactosyltransferase (EC 2.4.1.46); 1,2-diacylglycerol 3-beta-glucosyltransferase (EC 2.4.1.157); UDP-GlcNAc: Und-PP-MurAc-pentapeptide beta-N-acetylglucosaminyltransferase (EC 2.4.1.227); digalactosyldiacylglycerol synthase (EC 2.4.1.241)	2.4.1.157,2.4.1.227,2.4.1.241,2.4.1.46	GT28.hmm	0
SAMN04328180_MNWB01000027.1_6	SAMN04328180	MNWB01000027.1	6	5997	7103	-1	D										Cell cycle protein [PF01098.22]					0
SAMN04328180_MNWB01000027.1_7	SAMN04328180	MNWB01000027.1	7	7084	8403	-1	C	K23169	UDP-N-acetylmuramoyl-L-alanine---L-glutamate ligase [EC:6.3.2.53]								Mur ligase middle domain [PF08245.15]; Putative NAD(P)-binding [PF13241.9]					0
SAMN04328180_MNWB01000027.1_8	SAMN04328180	MNWB01000027.1	8	8513	10027	-1	C	K23170	UDP-N-acetyl-alpha-D-muramoyl-L-alanyl-L-glutamate epimerase [EC:5.1.1.23]													0
SAMN04328180_MNWB01000027.1_9	SAMN04328180	MNWB01000027.1	9	10190	11317	-1	C	K01000	phospho-N-acetylmuramoyl-pentapeptide-transferase [EC:2.7.8.13]								Glycosyl transferase family 4 [PF00953.24]					0
SAMN04328180_MNWB01000027.1_10	SAMN04328180	MNWB01000027.1	10	11331	12659	-1	C	K09759	nondiscriminating aspartyl-tRNA synthetase [EC:6.1.1.23]								tRNA synthetases class II (D, K and N) [PF00152.23]; OB-fold nucleic acid binding domain [PF01336.28]					0
SAMN04328180_MNWB01000027.1_11	SAMN04328180	MNWB01000027.1	11	12664	13281	-1	D										HD domain [PF13023.9]; 5'-deoxynucleotidase YfbR-like [PF12917.10]					0
SAMN04328180_MNWB01000027.1_12	SAMN04328180	MNWB01000027.1	12	13363	13590	-1	C	K07339	mRNA interferase HicA [EC:3.1.-.-]								HicA toxin of bacterial toxin-antitoxin, [PF07927.15]					0
SAMN04328180_MNWB01000027.1_13	SAMN04328180	MNWB01000027.1	13	13583	13801	-1	D										HicB_like antitoxin of bacterial toxin-antitoxin system [PF15919.8]					0
SAMN04328180_MNWB01000027.1_14	SAMN04328180	MNWB01000027.1	14	13914	13979	-1	E															0
SAMN04328180_MNWB01000028.1_1	SAMN04328180	MNWB01000028.1	1	1	471	1	E															0
SAMN04328180_MNWB01000028.1_2	SAMN04328180	MNWB01000028.1	2	848	1279	1	C	K03925	transcriptional regulator MraZ								MraZ protein, putative antitoxin-like [PF02381.21]					0
SAMN04328180_MNWB01000028.1_3	SAMN04328180	MNWB01000028.1	3	1284	2198	1	C	K03438	16S rRNA (cytosine1402-N4)-methyltransferase [EC:2.1.1.199]								MraW methylase family [PF01795.22]; 16S rRNA methyltransferase RsmB/F [PF01189.20]; ubiE/COQ5 methyltransferase family [PF01209.21]					0
SAMN04328180_MNWB01000028.1_4	SAMN04328180	MNWB01000028.1	4	2195	2542	1	E															0
SAMN04328180_MNWB01000028.1_5	SAMN04328180	MNWB01000028.1	5	2542	4230	1	C	K03587	cell division protein FtsI (penicillin-binding protein 3) [EC:3.4.16.4]	MER0001767	SPE	MER0001767 - penicillin-binding protein 2 (Neisseria flavescens) [X52.001]#SPE#{peptidase unit: 44-194}~source PBP2_NEIFL~	False	0.296	65.0	2.175e-09	Penicillin binding protein transpeptidase domain [PF00905.25]; Penicillin-binding Protein dimerisation domain [PF03717.18]					0
SAMN04328180_MNWB01000028.1_6	SAMN04328180	MNWB01000028.1	6	4555	5145	1	E															0
SAMN04328180_MNWB01000028.1_7	SAMN04328180	MNWB01000028.1	7	5389	6069	1	C	K07095	uncharacterized protein								Calcineurin-like phosphoesterase superfamily domain [PF12850.10]					0
SAMN04328180_MNWB01000028.1_8	SAMN04328180	MNWB01000028.1	8	6074	8761	1	D										E1-E2 ATPase [PF00122.23]; Cation transporting ATPase, C-terminus [PF00689.24]; haloacid dehalogenase-like hydrolase [PF00702.29]; Cation transporter/ATPase, N-terminus [PF00690.29]; Cation transport ATPase (P-type) [PF13246.9]					0
SAMN04328180_MNWB01000028.1_9	SAMN04328180	MNWB01000028.1	9	8758	9717	1	C	K07301	cation:H+ antiporter								Sodium/calcium exchanger protein [PF01699.27]					0
SAMN04328180_MNWB01000028.1_10	SAMN04328180	MNWB01000028.1	10	9825	10835	1	D										RmuC family [PF02646.19]					0
SAMN04328180_MNWB01000028.1_11	SAMN04328180	MNWB01000028.1	11	10886	11203	1	C	K02888	large subunit ribosomal protein L21								Ribosomal prokaryotic L21 protein [PF00829.24]					0
SAMN04328180_MNWB01000028.1_12	SAMN04328180	MNWB01000028.1	12	11383	11802	1	E															0
SAMN04328180_MNWB01000029.1_1	SAMN04328180	MNWB01000029.1	1	3	218	1	E															0
SAMN04328180_MNWB01000029.1_2	SAMN04328180	MNWB01000029.1	2	277	654	-1	C	K02884	large subunit ribosomal protein L19								Ribosomal protein L19 [PF01245.23]					0
SAMN04328180_MNWB01000029.1_3	SAMN04328180	MNWB01000029.1	3	638	1357	-1	D										RNA pseudouridylate synthase [PF00849.25]					0
SAMN04328180_MNWB01000029.1_4	SAMN04328180	MNWB01000029.1	4	1788	2474	-1	D										Homeodomain-like domain [PF13384.9]					0
SAMN04328180_MNWB01000029.1_5	SAMN04328180	MNWB01000029.1	5	2602	4473	-1	C	K03798	cell division protease FtsH [EC:3.4.24.-]	MER0369870	M41	MER0369870 - FtsH peptidase ({Thermotoga}-type) () [M41.021]#M41#{peptidase unit: 371-600}~source EKD32747~	False	0.592	265.0	2.491e-73	Peptidase family M41 [PF01434.21]; ATPase family associated with various cellular activities (AAA) [PF00004.32]; AAA+ lid domain [PF17862.4]; Bacterial dnaA  protein [PF00308.21]; Holliday junction DNA helicase RuvB P-loop domain [PF05496.15]; AAA domain (dynein-related subfamily) [PF07728.17]; TIP49 P-loop domain [PF06068.16]					0
SAMN04328180_MNWB01000029.1_6	SAMN04328180	MNWB01000029.1	6	4479	5549	-1	C	K02945	small subunit ribosomal protein S1								S1 RNA binding domain [PF00575.26]					0
SAMN04328180_MNWB01000029.1_7	SAMN04328180	MNWB01000029.1	7	5803	6459	1	D										Beta-lactamase superfamily domain [PF13483.9]; Beta-lactamase superfamily domain [PF12706.10]					0
SAMN04328180_MNWB01000029.1_8	SAMN04328180	MNWB01000029.1	8	6514	7122	1	D										DNA gyrase/topoisomerase IV, subunit A [PF00521.23]					0
SAMN04328180_MNWB01000030.1_1	SAMN04328180	MNWB01000030.1	1	290	736	-1	E															0
SAMN04328180_MNWB01000030.1_2	SAMN04328180	MNWB01000030.1	2	921	2138	1	D										Glycosyl hydrolase family 1 [PF00232.21]; Cellulase (glycosyl hydrolase family 5) [PF00150.21]; Beta-galactosidase [PF02449.18]	GH1	GH1 beta-glucosidase (EC 3.2.1.21); beta-galactosidase (EC 3.2.1.23); beta-mannosidase (EC 3.2.1.25); beta-glucuronidase (EC 3.2.1.31); beta-xylosidase (EC 3.2.1.37); beta-D-fucosidase (EC 3.2.1.38); phlorizin hydrolase (EC 3.2.1.62); exo-beta-1,4-glucanase (EC 3.2.1.74); 6-phospho-beta-galactosidase (EC 3.2.1.85); 6-phospho-beta-glucosidase (EC 3.2.1.86); strictosidine beta-glucosidase (EC 3.2.1.105); lactase (EC 3.2.1.108); amygdalin beta-glucosidase (EC 3.2.1.117); prunasin beta-glucosidase (EC 3.2.1.118); vicianin hydrolase (EC 3.2.1.119); raucaffricine beta-glucosidase (EC 3.2.1.125); thioglucosidase (EC 3.2.1.147); beta-primeverosidase (EC 3.2.1.149); isoflavonoid 7-O-beta-apiosyl-beta-glucosidase (EC 3.2.1.161); ABA-specific beta-glucosidase (EC 3.2.1.175); DIMBOA beta-glucosidase (EC 3.2.1.182); hydroxyisourate hydrolase (EC 3.-.-.-); beta-rutinosidase /alpha-L-rhamnose-(1,6)-beta-D-glucosidase (EC 3.2.1.-); protodioscin 26-O-Î²-D-glucosidase (EC 3.2.1.186); alpha-L-arabinopyranosidase (EC 3.2.1.-); isoflavone 7-O-glucosyl beta-glucosidase (EC 3.2.1.-)	2.4.1.-,3.2.1.105,3.2.1.108,3.2.1.117,3.2.1.118,3.2.1.119,3.2.1.125,3.2.1.147,3.2.1.149,3.2.1.161,3.2.1.18,3.2.1.186,3.2.1.188,3.2.1.206,3.2.1.21,3.2.1.23,3.2.1.25,3.2.1.38,3.2.1.45,3.2.1.85,3.2.1.86,3.2.1.-,3.2.1.31,3.2.1.175,3.2.1.182,3.2.1.37,3.2.1.58,3.2.1.74,3.2.1.46	GH1.hmm	0
SAMN04328180_MNWB01000030.1_3	SAMN04328180	MNWB01000030.1	3	2197	3120	1	E															0
SAMN04328180_MNWB01000030.1_4	SAMN04328180	MNWB01000030.1	4	3168	4163	1	D										Beta-galactosidase [PF02449.18]; Cellulase (glycosyl hydrolase family 5) [PF00150.21]; Glycosyl hydrolases family 2, TIM barrel domain [PF02836.20]					0
SAMN04328180_MNWB01000030.1_5	SAMN04328180	MNWB01000030.1	5	4426	5205	1	D										Glycosyltransferase like family 2 [PF13641.9]; Glycosyl transferase family 2 [PF00535.29]; Glycosyltransferase like family 2 [PF10111.12]; Glycosyl transferase family group 2 [PF13632.9]	GT2_Glycos_transf_2	GT2 cellulose synthase (EC 2.4.1.12); chitin synthase (EC 2.4.1.16); dolichyl-phosphate beta-D-mannosyltransferase (EC 2.4.1.83); dolichyl-phosphate beta-glucosyltransferase (EC 2.4.1.117); N-acetylglucosaminyltransferase (EC 2.4.1.-); N-acetylgalactosaminyltransferase (EC 2.4.1.-); hyaluronan synthase (EC 2.4.1.212); chitin oligosaccharide synthase (EC 2.4.1.-); beta-1,3-glucan synthase (EC 2.4.1.34); beta-1,4-mannan synthase (EC 2.4.1.-); beta-mannosylphosphodecaprenol-mannooligosaccharide alpha-1,6-mannosyltransferase (EC 2.4.1.199); UDP-Galf: rhamnopyranosyl-N-acetylglucosaminyl-PP-decaprenol beta-1,4/1,5-galactofuranosyltransferase (EC 2.4.1.287); UDP-Galf: galactofuranosyl-galactofuranosyl-rhamnosyl-N-acetylglucosaminyl-PP-decaprenol beta-1,5/1,6-galactofuranosyltransferase (EC 2.4.1.288); dTDP-L-Rha: N-acetylglucosaminyl-PP-decaprenol alpha-1,3-L-rhamnosyltransferase (EC 2.4.1.289); alternating beta-1,3/4-N-acetylmannan synthase (2.4.1.-); UDP-GlcA: N-acetylglucosaminyl-proteoglycan beta-1,4-glucuronosyltransferase (EC 2.4.1.225); [inverting] UDP-Glc: glycocin S-beta-glucosyltransferase (EC 2.4.1.-); [inverting] UDP-Glc: protein O-beta-glucosyltransferase (EC 2.4.1.-)		GT2_Glycos_transf_2.hmm	0
SAMN04328180_MNWB01000030.1_6	SAMN04328180	MNWB01000030.1	6	5228	6508	1	C	K04771	serine protease Do [EC:3.4.21.107]	MER0902951	S01C	MER0902951 - subfamily S1C unassigned peptidases () [S01.UPC]#S01C#{peptidase unit: 163-442}~source K2F963~	False	0.617	338.0	9.052e-101	Trypsin-like peptidase domain [PF13365.9]; Peptidase family M50 [PF02163.25]; PDZ domain [PF13180.9]; PDZ domain [PF17820.4]; PDZ domain [PF00595.27]					0
SAMN04328180_MNWB01000030.1_7	SAMN04328180	MNWB01000030.1	7	7013	9751	1	C	K03695	ATP-dependent Clp protease ATP-binding subunit ClpB								AAA domain (Cdc48 subfamily) [PF07724.17]; AAA lid domain [PF17871.4]; C-terminal, D2-small domain, of ClpB protein [PF10431.12]; AAA domain (dynein-related subfamily) [PF07728.17]; Clp amino terminal domain, pathogenicity island component [PF02861.23]; ATPase family associated with various cellular activities (AAA) [PF00004.32]; Bacterial TniB protein [PF05621.14]; Sigma-54 interaction domain [PF00158.29]					0
SAMN04328180_MNWB01000031.1_1	SAMN04328180	MNWB01000031.1	1	106	2298	-1	C	K03168	DNA topoisomerase I [EC:5.6.2.1]								DNA topoisomerase [PF01131.23]; Toprim domain [PF01751.25]; Topoisomerase DNA binding C4 zinc finger [PF01396.22]					0
SAMN04328180_MNWB01000031.1_2	SAMN04328180	MNWB01000031.1	2	2279	3148	-1	C	K04096	DNA processing protein								DNA recombination-mediator protein A [PF02481.18]; DprA winged helix domain [PF17782.4]					0
SAMN04328180_MNWB01000031.1_3	SAMN04328180	MNWB01000031.1	3	3536	3868	1	E															0
SAMN04328180_MNWB01000031.1_4	SAMN04328180	MNWB01000031.1	4	3909	5864	-1	C	K03723	transcription-repair coupling factor (superfamily II helicase) [EC:5.6.2.4]								UvrB interaction domain [PF17757.4]; CarD-like/TRCF domain [PF02559.19]; Helicase conserved C-terminal domain [PF00271.34]					0
SAMN04328180_MNWB01000031.1_5	SAMN04328180	MNWB01000031.1	5	6285	6527	1	E															0
SAMN04328180_MNWB01000031.1_6	SAMN04328180	MNWB01000031.1	6	6419	6643	-1	E															0
SAMN04328180_MNWB01000031.1_7	SAMN04328180	MNWB01000031.1	7	6655	7245	-1	C	K01056	peptidyl-tRNA hydrolase, PTH1 family [EC:3.1.1.29]								Peptidyl-tRNA hydrolase [PF01195.22]					0
SAMN04328180_MNWB01000031.1_8	SAMN04328180	MNWB01000031.1	8	7307	7867	1	C	K03100	signal peptidase I [EC:3.4.21.89]	MER0287641	S26A	MER0287641 - subfamily S26A unassigned peptidases () [S26.UPA]#S26A#{peptidase unit: 39-194}~source EKE11860~	False	0.544	162.0	2.851e-44	Signal peptidase, peptidase S26 [PF10502.12]; Peptidase S24-like [PF00717.26]					0
SAMN04328180_MNWB01000031.1_9	SAMN04328180	MNWB01000031.1	9	7874	9175	1	C	K01892	histidyl-tRNA synthetase [EC:6.1.1.21]								Histidyl-tRNA synthetase [PF13393.9]; Anticodon binding domain [PF03129.23]					1
SAMN04328180_MNWB01000031.1_10	SAMN04328180	MNWB01000031.1	10	9180	9518	1	C	K02503	histidine triad (HIT) family protein								HIT domain [PF01230.26]; Scavenger mRNA decapping enzyme C-term binding [PF11969.11]					0
SAMN04328180_MNWB01000031.1_11	SAMN04328180	MNWB01000031.1	11	9523	9738	1	E															0
SAMN04328180_MNWB01000031.1_12	SAMN04328180	MNWB01000031.1	12	9932	10438	1	C	K09117	uncharacterized protein								Yqey-like protein [PF09424.13]					0
SAMN04328180_MNWB01000031.1_13	SAMN04328180	MNWB01000031.1	13	10435	10629	1	E															0
SAMN04328180_MNWB01000031.1_14	SAMN04328180	MNWB01000031.1	14	10589	11161	1	D										Nucleotidyl transferase of unknown function (DUF2204) [PF09970.12]; Nucleotidyltransferase of unknown function (DUF6036) [PF19502.2]					0
SAMN04328180_MNWB01000031.1_15	SAMN04328180	MNWB01000031.1	15	11158	11445	1	E															0
SAMN04328180_MNWB01000031.1_16	SAMN04328180	MNWB01000031.1	16	11661	11879	1	D										Protein of unknown function (DUF433) [PF04255.17]					0
SAMN04328180_MNWB01000031.1_17	SAMN04328180	MNWB01000031.1	17	11883	12236	1	D										Domain of unknown function (DUF5615) [PF18480.4]					0
SAMN04328180_MNWB01000031.1_18	SAMN04328180	MNWB01000031.1	18	12245	12610	1	E															0
SAMN04328180_MNWB01000031.1_19	SAMN04328180	MNWB01000031.1	19	12888	13217	1	E															0
SAMN04328180_MNWB01000031.1_20	SAMN04328180	MNWB01000031.1	20	13198	13836	1	D										Nucleotidyl transferase AbiEii toxin, Type IV TA system [PF08843.14]					0
SAMN04328180_MNWB01000031.1_21	SAMN04328180	MNWB01000031.1	21	13847	14296	1	C	K07042	probable rRNA maturation factor								Endoribonuclease YbeY [PF02130.20]					0
SAMN04328180_MNWB01000031.1_22	SAMN04328180	MNWB01000031.1	22	14308	15510	1	C	K03590	cell division protein FtsA								Cell division protein FtsA [PF14450.9]; SHS2 domain inserted in FTSA [PF02491.23]; Type IV pilus assembly protein PilM; [PF11104.11]; MreB/Mbl protein [PF06723.16]; Hsp70 protein [PF00012.23]					0
SAMN04328180_MNWB01000031.1_23	SAMN04328180	MNWB01000031.1	23	15842	17041	1	C	K02358	elongation factor Tu								Elongation factor Tu GTP binding domain [PF00009.30]; Elongation factor Tu C-terminal domain [PF03143.20]; Elongation factor Tu domain 2 [PF03144.28]					0
SAMN04328180_MNWB01000031.1_24	SAMN04328180	MNWB01000031.1	24	17158	17496	1	C	K02946	small subunit ribosomal protein S10								Ribosomal protein S10p/S20e [PF00338.25]					0
SAMN04328180_MNWB01000031.1_25	SAMN04328180	MNWB01000031.1	25	17704	18312	1	C	K02906	large subunit ribosomal protein L3								Ribosomal protein L3 [PF00297.25]					0
SAMN04328180_MNWB01000031.1_26	SAMN04328180	MNWB01000031.1	26	18431	18667	-1	E															0
SAMN04328180_MNWB01000031.1_27	SAMN04328180	MNWB01000031.1	27	18828	19469	1	C	K02926	large subunit ribosomal protein L4								Ribosomal protein L4/L1 family [PF00573.25]					0
SAMN04328180_MNWB01000031.1_28	SAMN04328180	MNWB01000031.1	28	19506	19817	1	C	K02892	large subunit ribosomal protein L23								Ribosomal protein L23 [PF00276.23]					0
SAMN04328180_MNWB01000031.1_29	SAMN04328180	MNWB01000031.1	29	19904	20671	1	C	K02886	large subunit ribosomal protein L2								Ribosomal Proteins L2, C-terminal domain [PF03947.21]; Ribosomal Proteins L2, RNA binding domain [PF00181.26]					0
SAMN04328180_MNWB01000031.1_30	SAMN04328180	MNWB01000031.1	30	20771	20842	1	E															0
SAMN04328180_MNWB01000032.1_1	SAMN04328180	MNWB01000032.1	1	75	1292	-1	C	K17830	digeranylgeranylglycerophospholipid reductase [EC:1.3.1.101 1.3.7.11]								FAD binding domain [PF01494.22]; Tryptophan halogenase [PF04820.17]; Lycopene cyclase protein [PF05834.15]; HI0933-like protein [PF03486.17]					0
SAMN04328180_MNWB01000032.1_2	SAMN04328180	MNWB01000032.1	2	1333	2295	-1	D										Squalene-hopene cyclase C-terminal domain [PF13243.9]; A-macroglobulin TED domain [PF07678.17]					0
SAMN04328180_MNWB01000032.1_3	SAMN04328180	MNWB01000032.1	3	2292	3134	-1	D										UbiA prenyltransferase family [PF01040.21]					0
SAMN04328180_MNWB01000032.1_4	SAMN04328180	MNWB01000032.1	4	3118	3621	-1	C	K01823	isopentenyl-diphosphate Delta-isomerase [EC:5.3.3.2]								NUDIX domain [PF00293.31]					0
SAMN04328180_MNWB01000032.1_5	SAMN04328180	MNWB01000032.1	5	3861	4250	-1	E															0
SAMN04328180_MNWB01000032.1_6	SAMN04328180	MNWB01000032.1	6	4358	4807	-1	C	K02357	elongation factor Ts								Elongation factor TS [PF00889.22]					0
SAMN04328180_MNWB01000032.1_7	SAMN04328180	MNWB01000032.1	7	4846	5601	-1	C	K02967	small subunit ribosomal protein S2								Ribosomal protein S2 [PF00318.23]					0
SAMN04328180_MNWB01000032.1_8	SAMN04328180	MNWB01000032.1	8	5684	5911	1	C	K02909	large subunit ribosomal protein L31								Ribosomal protein L31 [PF01197.21]					1
SAMN04328180_MNWB01000032.1_9	SAMN04328180	MNWB01000032.1	9	6061	7155	1	C	K02835	peptide chain release factor 1								PCRF domain [PF03462.21]; RF-1 domain [PF00472.23]					0
SAMN04328180_MNWB01000032.1_10	SAMN04328180	MNWB01000032.1	10	7167	8582	-1	D										Transglycosylase SLT domain [PF13406.9]					0
SAMN04328180_MNWB01000032.1_11	SAMN04328180	MNWB01000032.1	11	8739	8804	-1	E															0
SAMN04328180_MNWB01000033.1_1	SAMN04328180	MNWB01000033.1	1	49	501	-1	D										Domain of unknown function (DUF4430) [PF14478.9]					0
SAMN04328180_MNWB01000033.1_2	SAMN04328180	MNWB01000033.1	2	498	1064	-1	E															0
SAMN04328180_MNWB01000033.1_3	SAMN04328180	MNWB01000033.1	3	1064	2812	-1	D										Squalene-hopene cyclase C-terminal domain [PF13243.9]; Domain of unknown function (DUF4430) [PF14478.9]; Eukaryotic cobalamin-binding protein [PF01122.22]; Squalene-hopene cyclase N-terminal domain [PF13249.9]					0
SAMN04328180_MNWB01000033.1_4	SAMN04328180	MNWB01000033.1	4	3217	3591	-1	D										Domain of unknown function (DUF5615) [PF18480.4]; PIN like domain [PF18478.4]					0
SAMN04328180_MNWB01000033.1_5	SAMN04328180	MNWB01000033.1	5	3593	3811	-1	D										Protein of unknown function (DUF433) [PF04255.17]					0
SAMN04328180_MNWB01000033.1_6	SAMN04328180	MNWB01000033.1	6	4126	5037	-1	C	K09811	cell division transport system permease protein								FtsX extracellular domain [PF18075.4]					0
SAMN04328180_MNWB01000033.1_7	SAMN04328180	MNWB01000033.1	7	5039	5737	-1	C	K09812	cell division transport system ATP-binding protein								ABC transporter [PF00005.30]					0
SAMN04328180_MNWB01000033.1_8	SAMN04328180	MNWB01000033.1	8	5770	6873	-1	C	K02836	peptide chain release factor 2								PCRF domain [PF03462.21]; RF-1 domain [PF00472.23]					0
SAMN04328180_MNWB01000033.1_9	SAMN04328180	MNWB01000033.1	9	6982	7392	-1	E															0
SAMN04328180_MNWB01000034.1_1	SAMN04328180	MNWB01000034.1	1	54	470	1	D										PrgI family protein [PF12666.10]					0
SAMN04328180_MNWB01000034.1_2	SAMN04328180	MNWB01000034.1	2	571	942	1	D										23S rRNA-intervening sequence protein [PF05635.14]					0
SAMN04328180_MNWB01000034.1_3	SAMN04328180	MNWB01000034.1	3	986	1627	1	E															0
SAMN04328180_MNWB01000034.1_4	SAMN04328180	MNWB01000034.1	4	1666	3465	1	C	K12063	conjugal transfer ATP-binding protein TraC								TraG P-loop domain [PF19044.3]; AAA-like domain [PF12846.10]; Helicase HerA, central domain [PF01935.20]					0
SAMN04328180_MNWB01000034.1_5	SAMN04328180	MNWB01000034.1	5	3497	3955	-1	C	K06346	spoIIIJ-associated protein								R3H domain [PF01424.25]					0
SAMN04328180_MNWB01000034.1_6	SAMN04328180	MNWB01000034.1	6	3948	4661	-1	C	K03217	YidC/Oxa1 family membrane protein insertase								60Kd inner membrane protein [PF02096.23]					0
SAMN04328180_MNWB01000034.1_7	SAMN04328180	MNWB01000034.1	7	4658	4999	-1	C	K03536	ribonuclease P protein component [EC:3.1.26.5]								Ribonuclease P [PF00825.21]					0
SAMN04328180_MNWB01000034.1_8	SAMN04328180	MNWB01000034.1	8	5358	6710	1	C	K02313	chromosomal replication initiator protein								Bacterial dnaA  protein [PF00308.21]; Bacterial dnaA protein helix-turn-helix [PF08299.14]; IstB-like ATP binding protein [PF01695.20]; DnaA N-terminal domain [PF11638.11]					0
SAMN04328180_MNWB01000034.1_9	SAMN04328180	MNWB01000034.1	9	6834	7964	1	C	K02338	DNA polymerase III subunit beta [EC:2.7.7.7]								DNA polymerase III beta subunit, N-terminal domain [PF00712.22]; DNA polymerase III beta subunit, C-terminal domain [PF02768.18]; DNA polymerase III beta subunit, central domain [PF02767.19]					0
SAMN04328180_MNWB01000034.1_10	SAMN04328180	MNWB01000034.1	10	7961	9973	-1	D			MER0000458	SPE	MER0000458 - penicillin-binding protein 2 (Bacillus subtilis) [X52.001]#SPE#{peptidase unit: 185-559}~source PBPD_BACSU~	False	0.228	79.0	2.3e-13	Transglycosylase [PF00912.25]; Penicillin binding protein transpeptidase domain [PF00905.25]	GT51	GT51 murein polymerase (EC 2.4.1.129).	2.4.1.129	GT51.hmm	0
SAMN04328180_MNWB01000034.1_11	SAMN04328180	MNWB01000034.1	11	10041	11252	1	C	K01866	tyrosyl-tRNA synthetase [EC:6.1.1.1]								tRNA synthetases class I (W and Y) [PF00579.28]					0
SAMN04328180_MNWB01000034.1_12	SAMN04328180	MNWB01000034.1	12	11249	11584	-1	E															0
SAMN04328180_MNWB01000034.1_13	SAMN04328180	MNWB01000034.1	13	11586	12383	-1	C	K18189	translational activator of cytochrome c oxidase 1	MER1153440	M20X	MER1153440 - family M20 non-peptidase homologues (Paraoerskovia marina) [M20.UNW]#M20X#{peptidase unit: 39-214}~source WP_029253489~	False	0.335	104.0	6.417999999999999e-23	Transcriptional regulator [PF01709.23]					0
SAMN04328180_MNWB01000034.1_14	SAMN04328180	MNWB01000034.1	14	12403	12810	-1	C	K06204	DnaK suppressor protein								Prokaryotic dksA/traR C4-type zinc finger [PF01258.20]					0
SAMN04328180_MNWB01000034.1_15	SAMN04328180	MNWB01000034.1	15	12818	14227	-1	E															0
SAMN04328180_MNWB01000034.1_16	SAMN04328180	MNWB01000034.1	16	14363	16492	-1	C	K00962	polyribonucleotide nucleotidyltransferase [EC:2.7.7.8]								3' exoribonuclease family, domain 1 [PF01138.24]; S1 RNA binding domain [PF00575.26]; 3' exoribonuclease family, domain 2 [PF03725.18]; Polyribonucleotide nucleotidyltransferase, RNA binding domain [PF03726.17]; KH domain [PF00013.32]					0
SAMN04328180_MNWB01000034.1_17	SAMN04328180	MNWB01000034.1	17	16673	17176	-1	D										NYN domain [PF01936.21]					0
SAMN04328180_MNWB01000034.1_18	SAMN04328180	MNWB01000034.1	18	17178	17444	-1	C	K02956	small subunit ribosomal protein S15								Ribosomal protein S15 [PF00312.25]					0
SAMN04328180_MNWB01000034.1_19	SAMN04328180	MNWB01000034.1	19	17614	17955	-1	E															0
SAMN04328180_MNWB01000035.1_1	SAMN04328180	MNWB01000035.1	1	1	459	-1	E															0
SAMN04328180_MNWB01000035.1_2	SAMN04328180	MNWB01000035.1	2	470	964	-1	D										Cytidylyltransferase-like [PF01467.29]					0
SAMN04328180_MNWB01000035.1_3	SAMN04328180	MNWB01000035.1	3	961	1260	-1	E															0
SAMN04328180_MNWB01000035.1_4	SAMN04328180	MNWB01000035.1	4	1267	2508	-1	D										Aminotransferase class I and II [PF00155.24]; Beta-eliminating lyase [PF01212.24]					0
SAMN04328180_MNWB01000035.1_5	SAMN04328180	MNWB01000035.1	5	2650	2880	-1	E															0
SAMN04328180_MNWB01000035.1_6	SAMN04328180	MNWB01000035.1	6	3096	5069	-1	D										Beta propeller domain [PF09826.12]					0
SAMN04328180_MNWB01000035.1_7	SAMN04328180	MNWB01000035.1	7	5113	5973	-1	D										Concanavalin A-like lectin/glucanases superfamily [PF13385.9]					0
SAMN04328180_MNWB01000035.1_8	SAMN04328180	MNWB01000035.1	8	5948	6265	-1	E															0
SAMN04328180_MNWB01000036.1_1	SAMN04328180	MNWB01000036.1	1	304	753	1	C	K03111	single-strand DNA-binding protein								Single-strand binding protein family [PF00436.28]					0
SAMN04328180_MNWB01000036.1_2	SAMN04328180	MNWB01000036.1	2	1055	3472	-1	C	K03553	recombination protein RecA	MER0224467	N10	MER0224467 - family N10 unassigned peptide lyases (Persephonella marina) [N10.UPW]#N10#{peptidase unit: 119-534}~source ACO02997~	False	0.23	131.0	2.906e-29	recA bacterial DNA recombination protein [PF00154.24]; Intein splicing domain [PF14890.9]; LAGLIDADG-like domain [PF14528.9]; Rad51 [PF08423.14]					0
SAMN04328180_MNWB01000036.1_3	SAMN04328180	MNWB01000036.1	3	3544	5640	-1	C	K03466	DNA segregation ATPase FtsK/SpoIIIE, S-DNA-T family								FtsK/SpoIIIE family [PF01580.21]; FtsK alpha domain [PF17854.4]; Ftsk gamma domain [PF09397.13]					0
SAMN04328180_MNWB01000036.1_4	SAMN04328180	MNWB01000036.1	4	5656	9261	-1	C	K03046	DNA-directed RNA polymerase subunit beta' [EC:2.7.7.6]								RNA polymerase Rpb1, domain 5 [PF04998.20]; RNA polymerase Rpb1, domain 1 [PF04997.15]; RNA polymerase Rpb1, domain 2 [PF00623.23]; RNA polymerase Rpb1, domain 3 [PF04983.21]; RNA polymerase Rpb1, domain 4 [PF05000.20]					0
SAMN04328180_MNWB01000036.1_5	SAMN04328180	MNWB01000036.1	5	9343	12516	-1	C	K03043	DNA-directed RNA polymerase subunit beta [EC:2.7.7.6]	MER0195833	N11	MER0195833 - family N11 unassigned peptide lyases () [N11.UPW]#N11#{peptidase unit: 944-1048}~source YP_003970177~	False	0.365	66.0	4.073e-09	RNA polymerase Rpb2, domain 6 [PF00562.31]; RNA polymerase beta subunit [PF04563.18]; RNA polymerase Rpb2, domain 2 [PF04561.17]; RNA polymerase Rpb2, domain 3 [PF04565.19]; RNA polymerase beta subunit external 1 domain [PF10385.12]; RNA polymerase Rpb2, domain 7 [PF04560.23]					0
SAMN04328180_MNWB01000036.1_6	SAMN04328180	MNWB01000036.1	6	12632	14887	-1	D										Tetratricopeptide repeat [PF13429.9]; Anaphase-promoting complex, cyclosome, subunit 3 [PF12895.10]; Plant specific mitochondrial import receptor subunit TOM20 [PF06552.15]; Tetratricopeptide repeat [PF13432.9]					0
SAMN04328180_MNWB01000036.1_7	SAMN04328180	MNWB01000036.1	7	14930	16036	-1	D										Cell cycle protein [PF01098.22]					0
SAMN04328180_MNWB01000036.1_8	SAMN04328180	MNWB01000036.1	8	16053	16436	-1	D										23S rRNA-intervening sequence protein [PF05635.14]					0
SAMN04328180_MNWB01000036.1_9	SAMN04328180	MNWB01000036.1	9	16503	18674	-1	C	K01972	DNA ligase (NAD+) [EC:6.5.1.2]								NAD-dependent DNA ligase adenylation domain [PF01653.21]; NAD-dependent DNA ligase OB-fold domain [PF03120.19]; Helix-hairpin-helix motif [PF12826.10]; BRCA1 C Terminus (BRCT) domain [PF00533.29]; NAD-dependent DNA ligase C4 zinc finger domain [PF03119.19]					0
SAMN04328180_MNWB01000036.1_10	SAMN04328180	MNWB01000036.1	10	18751	19494	-1	C	K07491	REP-associated tyrosine transposase								Transposase IS200 like [PF01797.19]					0
SAMN04328180_MNWB01000036.1_11	SAMN04328180	MNWB01000036.1	11	19642	19827	1	E															0
SAMN04328180_MNWB01000036.1_12	SAMN04328180	MNWB01000036.1	12	19814	19966	-1	E															0
SAMN04328180_MNWB01000036.1_13	SAMN04328180	MNWB01000036.1	13	20053	20760	-1	E															0
SAMN04328180_MNWB01000037.1_1	SAMN04328180	MNWB01000037.1	1	277	1101	-1	E															0
SAMN04328180_MNWB01000037.1_2	SAMN04328180	MNWB01000037.1	2	1133	1474	-1	C	K02834	ribosome-binding factor A								Ribosome-binding factor A [PF02033.21]					0
SAMN04328180_MNWB01000037.1_3	SAMN04328180	MNWB01000037.1	3	1476	2966	-1	C	K02519	translation initiation factor IF-2								Elongation factor Tu GTP binding domain [PF00009.30]; Translation-initiation factor 2 [PF11987.11]; Ras family [PF00071.25]; ADP-ribosylation factor family [PF00025.24]; Signal recognition particle receptor beta subunit [PF09439.13]; Ferrous iron transport protein B [PF02421.21]; 50S ribosome-binding GTPase [PF01926.26]					0
SAMN04328180_MNWB01000037.1_4	SAMN04328180	MNWB01000037.1	4	2986	3375	-1	D										Protein of unknown function (DUF4446) [PF14584.9]					0
SAMN04328180_MNWB01000037.1_5	SAMN04328180	MNWB01000037.1	5	3664	4914	-1	D										Major Facilitator Superfamily [PF07690.19]; Sugar (and other) transporter [PF00083.27]					0
SAMN04328180_MNWB01000037.1_6	SAMN04328180	MNWB01000037.1	6	4872	5960	-1	E															0
SAMN04328180_MNWB01000037.1_7	SAMN04328180	MNWB01000037.1	7	6085	7092	1	D										Ketopantoate reductase PanE/ApbA C terminal [PF08546.14]					0
SAMN04328180_MNWB01000037.1_8	SAMN04328180	MNWB01000037.1	8	7212	7892	-1	E															0
SAMN04328180_MNWB01000037.1_9	SAMN04328180	MNWB01000037.1	9	8075	9103	1	D			MER0902951	S01C	MER0902951 - subfamily S1C unassigned peptidases () [S01.UPC]#S01C#{peptidase unit: 163-442}~source K2F963~	False	0.545	281.0	1.845e-82	Trypsin-like peptidase domain [PF13365.9]; PDZ domain [PF13180.9]; Peptidase family M50 [PF02163.25]					0
SAMN04328180_MNWB01000037.1_10	SAMN04328180	MNWB01000037.1	10	9581	10063	-1	E															1
SAMN04328180_MNWB01000037.1_11	SAMN04328180	MNWB01000037.1	11	10250	11209	-1	C	K07755	arsenite methyltransferase [EC:2.1.1.137]								Methyltransferase domain [PF13847.9]; ubiE/COQ5 methyltransferase family [PF01209.21]; Methyltransferase domain [PF13489.9]; Methyltransferase domain [PF13649.9]; Methyltransferase domain [PF08241.15]; Mycolic acid cyclopropane synthetase [PF02353.23]; Protein-L-isoaspartate(D-aspartate) O-methyltransferase (PCMT) [PF01135.22]; Methyltransferase domain [PF08242.15]; Methyltransferase small domain [PF05175.17]; Ribosomal protein L11 methyltransferase (PrmA) [PF06325.16]; Putative RNA methylase family UPF0020 [PF01170.21]; tRNA methyltransferase complex GCD14 subunit [PF08704.13]					0
SAMN04328180_MNWB01000037.1_12	SAMN04328180	MNWB01000037.1	12	11446	11898	-1	E															0
SAMN04328180_MNWB01000037.1_13	SAMN04328180	MNWB01000037.1	13	12077	12289	-1	E															0
SAMN04328180_MNWB01000037.1_14	SAMN04328180	MNWB01000037.1	14	12270	12710	-1	E															0
SAMN04328180_MNWB01000037.1_15	SAMN04328180	MNWB01000037.1	15	12945	13394	-1	E															0
SAMN04328180_MNWB01000037.1_16	SAMN04328180	MNWB01000037.1	16	13615	13842	-1	D										Protein of unknown function (DUF2283) [PF10049.12]					0
SAMN04328180_MNWB01000037.1_17	SAMN04328180	MNWB01000037.1	17	13839	14123	-1	E															0
SAMN04328180_MNWB01000037.1_18	SAMN04328180	MNWB01000037.1	18	14240	14605	-1	E															0
SAMN04328180_MNWB01000037.1_19	SAMN04328180	MNWB01000037.1	19	14611	15075	-1	E															0
SAMN04328180_MNWB01000037.1_20	SAMN04328180	MNWB01000037.1	20	15261	15788	-1	D										Fimbrial assembly protein (PilN) [PF05137.16]					0
SAMN04328180_MNWB01000037.1_21	SAMN04328180	MNWB01000037.1	21	15860	16957	-1	C	K02662	type IV pilus assembly protein PilM								Type IV pilus assembly protein PilM; [PF11104.11]; MreB/Mbl protein [PF06723.16]; Cell division protein FtsA [PF14450.9]					0
SAMN04328180_MNWB01000037.1_22	SAMN04328180	MNWB01000037.1	22	17039	18319	-1	E															0
SAMN04328180_MNWB01000037.1_23	SAMN04328180	MNWB01000037.1	23	18321	18830	-1	E															0
SAMN04328180_MNWB01000037.1_24	SAMN04328180	MNWB01000037.1	24	18835	19320	-1	E															0
SAMN04328180_MNWB01000037.1_25	SAMN04328180	MNWB01000037.1	25	19311	20213	-1	E															0
SAMN04328180_MNWB01000037.1_26	SAMN04328180	MNWB01000037.1	26	20248	20544	-1	E															0
SAMN04328180_MNWB01000038.1_1	SAMN04328180	MNWB01000038.1	1	62	514	-1	C	K02948	small subunit ribosomal protein S11								Ribosomal protein S11 [PF00411.22]					0
SAMN04328180_MNWB01000038.1_2	SAMN04328180	MNWB01000038.1	2	616	1005	-1	C	K02952	small subunit ribosomal protein S13								Ribosomal protein S13/S18 [PF00416.25]					0
SAMN04328180_MNWB01000038.1_3	SAMN04328180	MNWB01000038.1	3	1322	1540	-1	C	K02518	translation initiation factor IF-1								Translation initiation factor 1A / IF-1 [PF01176.22]					0
SAMN04328180_MNWB01000038.1_4	SAMN04328180	MNWB01000038.1	4	1568	2764	-1	E															0
SAMN04328180_MNWB01000038.1_5	SAMN04328180	MNWB01000038.1	5	2757	3920	-1	D										Type IV pilus assembly protein PilM; [PF11104.11]; Cell division protein FtsA [PF14450.9]					0
SAMN04328180_MNWB01000038.1_6	SAMN04328180	MNWB01000038.1	6	3939	5810	-1	C	K01872	alanyl-tRNA synthetase [EC:6.1.1.7]								tRNA synthetases class II (A) [PF01411.22]; Threonyl and Alanyl tRNA synthetase second additional domain [PF07973.17]					0
SAMN04328180_MNWB01000038.1_7	SAMN04328180	MNWB01000038.1	7	5934	6446	-1	C	K09776	uncharacterized protein								Ribonuclease H-like [PF04308.15]					0
SAMN04328180_MNWB01000038.1_8	SAMN04328180	MNWB01000038.1	8	6479	7246	-1	C	K01803	triosephosphate isomerase (TIM) [EC:5.3.1.1]								Triosephosphate isomerase [PF00121.21]					0
SAMN04328180_MNWB01000039.1_1	SAMN04328180	MNWB01000039.1	1	1	357	-1	D										Response regulator receiver domain [PF00072.27]					0
SAMN04328180_MNWB01000039.1_2	SAMN04328180	MNWB01000039.1	2	402	1103	-1	D										Histidine kinase-, DNA gyrase B-, and HSP90-like ATPase [PF02518.29]; His Kinase A (phospho-acceptor) domain [PF00512.28]					0
SAMN04328180_MNWB01000039.1_3	SAMN04328180	MNWB01000039.1	3	1192	2811	-1	C	K04077	chaperonin GroEL [EC:5.6.1.7]								TCP-1/cpn60 chaperonin family [PF00118.27]					0
SAMN04328180_MNWB01000039.1_4	SAMN04328180	MNWB01000039.1	4	2981	3271	-1	C	K04078	chaperonin GroES								Chaperonin 10 Kd subunit [PF00166.24]					0
SAMN04328180_MNWB01000039.1_5	SAMN04328180	MNWB01000039.1	5	3424	6348	-1	C	K03701	excinuclease ABC subunit A								UvrA interaction domain [PF17760.4]; UvrA DNA-binding domain [PF17755.4]; ABC transporter [PF00005.30]; AAA ATPase domain [PF13175.9]; AAA domain, putative AbiEii toxin, Type IV TA system [PF13304.9]					0
SAMN04328180_MNWB01000039.1_6	SAMN04328180	MNWB01000039.1	6	6497	7105	1	D										GIY-YIG catalytic domain [PF01541.27]					0
SAMN04328180_MNWB01000040.1_1	SAMN04328180	MNWB01000040.1	1	205	2439	-1	C	K01890	phenylalanyl-tRNA synthetase beta chain [EC:6.1.1.20]								B3/4 domain [PF03483.20]; Phenylalanyl tRNA synthetase beta chain CLM domain [PF17759.4]; Ferredoxin-fold anticodon binding domain [PF03147.17]; tRNA synthetase B5 domain [PF03484.18]					0
SAMN04328180_MNWB01000040.1_2	SAMN04328180	MNWB01000040.1	2	2536	3543	-1	C	K01889	phenylalanyl-tRNA synthetase alpha chain [EC:6.1.1.20]								tRNA synthetases class II core domain (F) [PF01409.23]; Aminoacyl tRNA synthetase class II, N-terminal domain [PF02912.21]					0
SAMN04328180_MNWB01000041.1_1	SAMN04328180	MNWB01000041.1	1	3	257	1	E															0
SAMN04328180_MNWB01000041.1_2	SAMN04328180	MNWB01000041.1	2	330	1226	1	C	K00791	tRNA dimethylallyltransferase [EC:2.5.1.75]								IPP transferase [PF01715.20]; Isopentenyl transferase [PF01745.19]					0
SAMN04328180_MNWB01000041.1_3	SAMN04328180	MNWB01000041.1	3	1370	2971	-1	C	K02434	aspartyl-tRNA(Asn)/glutamyl-tRNA(Gln) amidotransferase subunit B [EC:6.3.5.6 6.3.5.7]								GatB/GatE catalytic domain [PF02934.18]; GatB domain [PF02637.21]					0
SAMN04328180_MNWB01000041.1_4	SAMN04328180	MNWB01000041.1	4	3030	3707	-1	C	K01619	deoxyribose-phosphate aldolase [EC:4.1.2.4]								DeoC/LacD family aldolase [PF01791.12]					0
SAMN04328180_MNWB01000041.1_5	SAMN04328180	MNWB01000041.1	5	3697	4221	-1	C	K01529	inosine/xanthosine triphosphatase [EC:3.6.1.73]								Protein of unknown function DUF84 [PF01931.21]					0
SAMN04328180_MNWB01000041.1_6	SAMN04328180	MNWB01000041.1	6	4218	4841	-1	C	K00943	dTMP kinase [EC:2.7.4.9]								Thymidylate kinase [PF02223.20]; Deoxynucleoside kinase [PF01712.22]					0
SAMN04328180_MNWB01000041.1_7	SAMN04328180	MNWB01000041.1	7	4918	5472	-1	D										dUTPase [PF00692.22]					0
SAMN04328180_MNWB01000041.1_8	SAMN04328180	MNWB01000041.1	8	5547	6278	-1	D										Polymerase beta, Nucleotidyltransferase [PF18765.4]; Nucleotidyltransferase domain [PF01909.26]					0
SAMN04328180_MNWB01000041.1_9	SAMN04328180	MNWB01000041.1	9	6296	7522	-1	C	K00600	glycine hydroxymethyltransferase [EC:2.1.2.1]								Serine hydroxymethyltransferase [PF00464.22]; DegT/DnrJ/EryC1/StrS aminotransferase family [PF01041.20]; Orn/Lys/Arg decarboxylase, major domain [PF01276.23]; Cys/Met metabolism PLP-dependent enzyme [PF01053.23]; L-seryl-tRNA selenium transferase [PF03841.16]; Pyridoxal-dependent decarboxylase conserved domain [PF00282.22]					0
SAMN04328180_MNWB01000041.1_10	SAMN04328180	MNWB01000041.1	10	7519	8058	-1	D										dUTPase [PF00692.22]; 2'-deoxycytidine 5'-triphosphate deaminase (DCD) [PF06559.14]					0
SAMN04328180_MNWB01000041.1_11	SAMN04328180	MNWB01000041.1	11	8049	9665	-1	E															0
SAMN04328180_MNWB01000041.1_12	SAMN04328180	MNWB01000041.1	12	9668	10261	-1	C	K01494	dCTP deaminase [EC:3.5.4.13]								2'-deoxycytidine 5'-triphosphate deaminase (DCD) [PF06559.14]; dUTPase [PF00692.22]					0
SAMN04328180_MNWB01000041.1_13	SAMN04328180	MNWB01000041.1	13	10337	11008	-1	E															0
SAMN04328180_MNWB01000041.1_14	SAMN04328180	MNWB01000041.1	14	11091	11519	-1	C	K02867	large subunit ribosomal protein L11								Ribosomal protein L11, RNA binding domain [PF00298.22]; Ribosomal protein L11, N-terminal domain [PF03946.17]					0
SAMN04328180_MNWB01000041.1_15	SAMN04328180	MNWB01000041.1	15	11550	11969	-1	D										PD-(D/E)XK nuclease superfamily [PF13366.9]					0
SAMN04328180_MNWB01000041.1_16	SAMN04328180	MNWB01000041.1	16	12019	12564	-1	C	K02601	transcription termination/antitermination protein NusG								Transcription termination factor nusG [PF02357.22]; KOW motif [PF00467.32]					0
SAMN04328180_MNWB01000041.1_17	SAMN04328180	MNWB01000041.1	17	12648	12848	-1	C	K03073	preprotein translocase subunit SecE								SecE/Sec61-gamma subunits of protein translocation complex [PF00584.23]					0
SAMN04328180_MNWB01000041.1_18	SAMN04328180	MNWB01000041.1	18	12886	16149	-1	D			MER0194189	N10	MER0194189 - family N10 unassigned peptide lyases (Synechocystis sp. PCC6803) [N10.UPW]#N10#{peptidase unit: 437-618, 822-872}~source BAA17720~	False	0.554	205.0	1.664e-51	DNA gyrase B [PF00204.28]; DNA gyrase B subunit, carboxyl terminus [PF00986.24]; Histidine kinase-, DNA gyrase B-, and HSP90-like ATPase [PF02518.29]; Intein splicing domain [PF14890.9]; Toprim domain [PF01751.25]					0
SAMN04328180_MNWB01000042.1_1	SAMN04328180	MNWB01000042.1	1	1	1647	1	C	K00820	glutamine---fructose-6-phosphate transaminase (isomerizing) [EC:2.6.1.16]	MER0252968	C44	MER0252968 - family C44 non-peptidase homologues (Spirochaeta caldaria) [C44.UNW]#C44#{peptidase unit: 2-232}~source YP_004698683~	False	0.607	195.0	1.151e-50	Glutamine amidotransferase domain [PF13522.9]; SIS domain [PF01380.25]; Glutamine amidotransferase domain [PF13537.9]; Glutamine amidotransferases class-II [PF13230.9]					0
SAMN04328180_MNWB01000042.1_2	SAMN04328180	MNWB01000042.1	2	1669	3318	1	C	K00174	2-oxoglutarate/2-oxoacid ferredoxin oxidoreductase subunit alpha [EC:1.2.7.3 1.2.7.11]								Pyruvate flavodoxin/ferredoxin oxidoreductase, thiamine diP-bdg [PF01855.22]; Pyruvate ferredoxin/flavodoxin oxidoreductase [PF01558.21]; Pyruvate:ferredoxin oxidoreductase core domain II [PF17147.7]					0
SAMN04328180_MNWB01000042.1_3	SAMN04328180	MNWB01000042.1	3	3315	4109	1	C	K00175	2-oxoglutarate/2-oxoacid ferredoxin oxidoreductase subunit beta [EC:1.2.7.3 1.2.7.11]								Thiamine pyrophosphate enzyme, C-terminal TPP binding domain [PF02775.24]					0
SAMN04328180_MNWB01000042.1_4	SAMN04328180	MNWB01000042.1	4	4106	4447	-1	D										EPSP synthase (3-phosphoshikimate 1-carboxyvinyltransferase) [PF00275.23]					0
SAMN04328180_MNWB01000043.1_1	SAMN04328180	MNWB01000043.1	1	1	117	1	D										UvrC RNAse H endonuclease domain [PF08459.14]					0
SAMN04328180_MNWB01000043.1_2	SAMN04328180	MNWB01000043.1	2	304	651	1	C	K08972	putative membrane protein								Mycobacterial 4 TMS phage holin, superfamily IV [PF04020.16]					0
SAMN04328180_MNWB01000043.1_3	SAMN04328180	MNWB01000043.1	3	648	866	1	C	K03075	preprotein translocase subunit SecG								Preprotein translocase SecG subunit [PF03840.17]					0
SAMN04328180_MNWB01000043.1_4	SAMN04328180	MNWB01000043.1	4	863	2842	1	C	K02035	peptide/nickel transport system substrate-binding protein								Bacterial extracellular solute-binding proteins, family 5 Middle [PF00496.25]					0
SAMN04328180_MNWB01000043.1_5	SAMN04328180	MNWB01000043.1	5	2919	3503	1	C	K06859	glucose-6-phosphate isomerase, archaeal [EC:5.3.1.9]								Glucose-6-phosphate isomerase (GPI) [PF06560.14]					0
SAMN04328180_MNWB01000044.1_1	SAMN04328180	MNWB01000044.1	1	2	664	1	E															0
SAMN04328180_MNWB01000044.1_2	SAMN04328180	MNWB01000044.1	2	756	1841	1	C	K03686	molecular chaperone DnaJ								DnaJ C terminal domain [PF01556.21]; DnaJ central domain [PF00684.22]; DnaJ domain [PF00226.34]					0
SAMN04328180_MNWB01000044.1_3	SAMN04328180	MNWB01000044.1	3	2061	3197	1	C	K02346	DNA polymerase IV [EC:2.7.7.7]								impB/mucB/samB family [PF00817.23]; impB/mucB/samB family C-terminal domain [PF11799.11]; IMS family HHH motif [PF11798.11]					0
SAMN04328180_MNWB01000044.1_4	SAMN04328180	MNWB01000044.1	4	3514	4053	1	D										NYN domain [PF01936.21]					0
SAMN04328180_MNWB01000044.1_5	SAMN04328180	MNWB01000044.1	5	4195	4452	1	C	K07461	putative endonuclease								GIY-YIG catalytic domain [PF01541.27]					0
SAMN04328180_MNWB01000044.1_6	SAMN04328180	MNWB01000044.1	6	4571	4807	1	E															0
SAMN04328180_MNWB01000044.1_7	SAMN04328180	MNWB01000044.1	7	4821	5351	1	D										NYN domain [PF01936.21]					0
SAMN04328180_MNWB01000045.1_1	SAMN04328180	MNWB01000045.1	1	1	552	-1	C	K01358	ATP-dependent Clp protease, protease subunit [EC:3.4.21.92]	MER1317754	S14	MER1317754 - family S14 unassigned peptidases () [S14.UPW]#S14#{peptidase unit: 1-194}~source PIV31930~	False	0.724	271.0	7.887e-82	Clp protease [PF00574.26]					0
SAMN04328180_MNWB01000045.1_2	SAMN04328180	MNWB01000045.1	2	604	978	-1	D										23S rRNA-intervening sequence protein [PF05635.14]					0
SAMN04328180_MNWB01000045.1_3	SAMN04328180	MNWB01000045.1	3	1046	2362	-1	C	K03545	trigger factor								Bacterial trigger factor protein (TF) [PF05697.16]; Bacterial trigger factor protein (TF) C-terminus [PF05698.17]; FKBP-type peptidyl-prolyl cis-trans isomerase [PF00254.31]					0
SAMN04328180_MNWB01000045.1_4	SAMN04328180	MNWB01000045.1	4	2395	3042	-1	C	K07491	REP-associated tyrosine transposase								Transposase IS200 like [PF01797.19]					0
SAMN04328180_MNWB01000045.1_5	SAMN04328180	MNWB01000045.1	5	3139	5124	-1	C	K15987	K(+)-stimulated pyrophosphate-energized sodium pump [EC:7.2.3.1]								Inorganic H+ pyrophosphatase [PF03030.19]					0
SAMN04328180_MNWB01000045.1_6	SAMN04328180	MNWB01000045.1	6	5148	6293	-1	C	K02600	transcription termination/antitermination protein NusA								NusA N-terminal domain [PF08529.14]; NusA-like KH domain [PF13184.9]					0
SAMN04328180_MNWB01000045.1_7	SAMN04328180	MNWB01000045.1	7	6538	7239	-1	C	K08591	acyl phosphate:glycerol-3-phosphate acyltransferase [EC:2.3.1.275]								Glycerol-3-phosphate acyltransferase [PF02660.18]					0
SAMN04328180_MNWB01000045.1_8	SAMN04328180	MNWB01000045.1	8	7318	7755	-1	C	K07460	putative endonuclease								Uncharacterised protein family UPF0102 [PF02021.20]					0
SAMN04328180_MNWB01000045.1_9	SAMN04328180	MNWB01000045.1	9	8021	8221	-1	E															0
SAMN04328180_MNWB01000046.1_1	SAMN04328180	MNWB01000046.1	1	464	2557	1	C	K01873	valyl-tRNA synthetase [EC:6.1.1.9]								tRNA synthetases class I (I, L, M and V) [PF00133.25]; Anticodon-binding domain of tRNA ligase [PF08264.16]; tRNA synthetases class I (M) [PF09334.14]; Leucyl-tRNA synthetase, Domain 2 [PF13603.9]; Anticodon binding domain of methionyl tRNA ligase [PF19303.2]; tRNA synthetases class I (K) [PF01921.21]					0
SAMN04328180_MNWB01000046.1_2	SAMN04328180	MNWB01000046.1	2	2612	3520	-1	D										Helicase conserved C-terminal domain [PF00271.34]; ATP-dependent DNA helicase RecG, domain 3, C-terminal [PF19833.2]					0
SAMN04328180_MNWB01000047.1_1	SAMN04328180	MNWB01000047.1	1	328	882	1	C	K19664	CDP-2,3-bis-(O-geranylgeranyl)-sn-glycerol synthase [EC:2.7.7.67]								CDP-archaeol synthase [PF01864.20]; Cytidylyltransferase family [PF01148.23]					0
SAMN04328180_MNWB01000047.1_2	SAMN04328180	MNWB01000047.1	2	1002	1658	1	E															0
SAMN04328180_MNWB01000047.1_3	SAMN04328180	MNWB01000047.1	3	1735	2415	1	C	K07053	3',5'-nucleoside bisphosphate phosphatase [EC:3.1.3.97]								PHP domain [PF02811.22]; PHP-associated [PF13263.9]					0
SAMN04328180_MNWB01000047.1_4	SAMN04328180	MNWB01000047.1	4	2496	3089	1	C	K17884	archaetidylinositol phosphate synthase [EC:2.7.8.39]								CDP-alcohol phosphatidyltransferase [PF01066.24]					0
SAMN04328180_MNWB01000047.1_5	SAMN04328180	MNWB01000047.1	5	3086	3748	-1	C	K00655	1-acyl-sn-glycerol-3-phosphate acyltransferase [EC:2.3.1.51]								Acyltransferase [PF01553.24]					0
SAMN04328180_MNWB01000047.1_6	SAMN04328180	MNWB01000047.1	6	3815	4837	-1	C	K02371	enoyl-[acyl-carrier protein] reductase II [EC:1.3.1.9]								Nitronate monooxygenase [PF03060.18]; Conserved region in glutamate synthase [PF01645.20]					0
SAMN04328180_MNWB01000047.1_7	SAMN04328180	MNWB01000047.1	7	4856	5341	-1	C	K02372	3-hydroxyacyl-[acyl-carrier-protein] dehydratase [EC:4.2.1.59]								FabA-like domain [PF07977.16]					0
SAMN04328180_MNWB01000047.1_8	SAMN04328180	MNWB01000047.1	8	5398	6144	-1	C	K00059	3-oxoacyl-[acyl-carrier protein] reductase [EC:1.1.1.100]								Enoyl-(Acyl carrier protein) reductase [PF13561.9]; short chain dehydrogenase [PF00106.28]; KR domain [PF08659.13]					0
SAMN04328180_MNWB01000047.1_9	SAMN04328180	MNWB01000047.1	9	6290	6736	-1	E															0
SAMN04328180_MNWB01000048.1_1	SAMN04328180	MNWB01000048.1	1	2	607	1	D										Carbohydrate kinase [PF01256.20]; Hydroxyethylthiazole kinase family [PF02110.18]					0
SAMN04328180_MNWB01000048.1_2	SAMN04328180	MNWB01000048.1	2	718	1482	1	C	K00059	3-oxoacyl-[acyl-carrier protein] reductase [EC:1.1.1.100]								Enoyl-(Acyl carrier protein) reductase [PF13561.9]; short chain dehydrogenase [PF00106.28]; KR domain [PF08659.13]					0
SAMN04328180_MNWB01000048.1_3	SAMN04328180	MNWB01000048.1	3	1602	2408	1	D										NADH ubiquinone oxidoreductase, 20 Kd subunit [PF01058.25]					0
SAMN04328180_MNWB01000048.1_4	SAMN04328180	MNWB01000048.1	4	2415	3767	1	D										Nickel-dependent hydrogenase [PF00374.22]					0
SAMN04328180_MNWB01000048.1_5	SAMN04328180	MNWB01000048.1	5	3848	4768	1	C	K03387	NADH-dependent peroxiredoxin subunit F [EC:1.8.1.-]								Pyridine nucleotide-disulphide oxidoreductase [PF07992.17]; Flavin-binding monooxygenase-like [PF00743.22]; Pyridine nucleotide-disulphide oxidoreductase [PF00070.30]; FAD dependent oxidoreductase [PF12831.10]; HI0933-like protein [PF03486.17]; Lycopene cyclase protein [PF05834.15]					0
SAMN04328180_MNWB01000048.1_6	SAMN04328180	MNWB01000048.1	6	4835	6184	1	C	K01689	enolase [EC:4.2.1.11]								Enolase, C-terminal TIM barrel domain [PF00113.25]; Enolase, N-terminal domain [PF03952.19]					0
SAMN04328180_MNWB01000048.1_7	SAMN04328180	MNWB01000048.1	7	6245	6925	1	C	K01834	2,3-bisphosphoglycerate-dependent phosphoglycerate mutase [EC:5.4.2.11]								Histidine phosphatase superfamily (branch 1) [PF00300.25]					0
SAMN04328180_MNWB01000048.1_8	SAMN04328180	MNWB01000048.1	8	6965	7954	1	E															0
SAMN04328180_MNWB01000048.1_9	SAMN04328180	MNWB01000048.1	9	8017	8262	1	D										Glutaredoxin [PF00462.27]; Thioredoxin domain [PF13192.9]; Glutaredoxin-like domain (DUF836) [PF05768.17]; SH3-binding, glutamic acid-rich protein [PF04908.18]					1
SAMN04328180_MNWB01000048.1_10	SAMN04328180	MNWB01000048.1	10	8339	8743	1	D										Glyceraldehyde 3-phosphate dehydrogenase, NAD binding domain [PF00044.27]					0
SAMN04328180_MNWB01000049.1_1	SAMN04328180	MNWB01000049.1	1	2	796	1	C	K09903	uridylate kinase [EC:2.7.4.22]								Amino acid kinase family [PF00696.31]					0
SAMN04328180_MNWB01000049.1_2	SAMN04328180	MNWB01000049.1	2	924	1253	1	E															0
SAMN04328180_MNWB01000049.1_3	SAMN04328180	MNWB01000049.1	3	1250	1930	1	C	K03630	DNA repair protein RadC								RadC-like JAB domain [PF04002.18]; UPF0758 N-terminal [PF20582.1]					0
SAMN04328180_MNWB01000049.1_4	SAMN04328180	MNWB01000049.1	4	1969	2568	1	E															0
SAMN04328180_MNWB01000049.1_5	SAMN04328180	MNWB01000049.1	5	2565	3311	1	C	K09144	uncharacterized protein								Nucleotidyl transferase AbiEii toxin, Type IV TA system [PF08843.14]					0
