NZ_AQUY01000002.1_orf33168	a5c8f662b5fcb258b5efe6171e6b81e4	1120	Gene3D	G3DSA:3.30.420.10	-	42	212	1.2E-43	T	24-06-2023	IPR036397	Ribonuclease H superfamily
NZ_AQUY01000002.1_orf33168	a5c8f662b5fcb258b5efe6171e6b81e4	1120	Gene3D	G3DSA:3.40.50.10190	BRCT domain	351	434	1.3E-9	T	24-06-2023	IPR036420	BRCT domain superfamily
NZ_AQUY01000002.1_orf33168	a5c8f662b5fcb258b5efe6171e6b81e4	1120	Coils	Coil	Coil	601	621	-	T	24-06-2023	-	-
NZ_AQUY01000002.1_orf33168	a5c8f662b5fcb258b5efe6171e6b81e4	1120	Coils	Coil	Coil	672	699	-	T	24-06-2023	-	-
NZ_AQUY01000002.1_orf33168	a5c8f662b5fcb258b5efe6171e6b81e4	1120	PANTHER	PTHR30231	DNA POLYMERASE III SUBUNIT EPSILON	43	318	3.6E-30	T	24-06-2023	-	-
NZ_AQUY01000002.1_orf33168	a5c8f662b5fcb258b5efe6171e6b81e4	1120	MobiDBLite	mobidb-lite	consensus disorder prediction	582	612	-	T	24-06-2023	-	-
NZ_AQUY01000002.1_orf33168	a5c8f662b5fcb258b5efe6171e6b81e4	1120	TIGRFAM	TIGR00573	dnaq: exonuclease, DNA polymerase III, epsilon subunit family	45	207	2.6E-22	T	24-06-2023	IPR006054	DNA polymerase III epsilon subunit, exonuclease domain
NZ_AQUY01000002.1_orf33168	a5c8f662b5fcb258b5efe6171e6b81e4	1120	SUPERFAMILY	SSF53098	Ribonuclease H-like	43	212	4.61E-41	T	24-06-2023	IPR012337	Ribonuclease H-like superfamily
NZ_AQUY01000002.1_orf33168	a5c8f662b5fcb258b5efe6171e6b81e4	1120	SUPERFAMILY	SSF158682	TerB-like	252	310	3.14E-5	T	24-06-2023	IPR029024	TerB-like
NZ_AQUY01000002.1_orf33168	a5c8f662b5fcb258b5efe6171e6b81e4	1120	Gene3D	G3DSA:1.10.10.10	-	638	701	3.8E-7	T	24-06-2023	IPR036388	Winged helix-like DNA-binding domain superfamily
NZ_AQUY01000002.1_orf33168	a5c8f662b5fcb258b5efe6171e6b81e4	1120	SMART	SM00479	exoiiiendus	47	212	1.4E-36	T	24-06-2023	IPR013520	Exonuclease, RNase T/DNA polymerase III
NZ_AQUY01000002.1_orf33168	a5c8f662b5fcb258b5efe6171e6b81e4	1120	SUPERFAMILY	SSF88659	Sigma3 and sigma4 domains of RNA polymerase sigma factors	638	699	4.11E-7	T	24-06-2023	IPR013324	RNA polymerase sigma factor, region 3/4-like
NZ_AQUY01000002.1_orf33168	a5c8f662b5fcb258b5efe6171e6b81e4	1120	CDD	cd06127	DEDDh	49	204	3.55883E-46	T	24-06-2023	-	-
NZ_AQUY01000002.1_orf33168	a5c8f662b5fcb258b5efe6171e6b81e4	1120	FunFam	G3DSA:3.30.420.10:FF:000045	3'-5' exonuclease DinG	43	213	5.5E-36	T	24-06-2023	-	-
NZ_AQUY01000002.1_orf33168	a5c8f662b5fcb258b5efe6171e6b81e4	1120	Pfam	PF00929	Exonuclease	50	203	6.2E-24	T	24-06-2023	IPR013520	Exonuclease, RNase T/DNA polymerase III
NZ_AQUY01000002.1_orf33168	a5c8f662b5fcb258b5efe6171e6b81e4	1120	Pfam	PF04545	Sigma-70, region 4	660	692	2.4E-7	T	24-06-2023	IPR007630	RNA polymerase sigma-70 region 4
NZ_AQUY01000002.1_orf39327	8f984eb3fde56717f075f2a64844b75e	1161	MobiDBLite	mobidb-lite	consensus disorder prediction	1	23	-	T	24-06-2023	-	-
NZ_AQUY01000002.1_orf39327	8f984eb3fde56717f075f2a64844b75e	1161	MobiDBLite	mobidb-lite	consensus disorder prediction	1	18	-	T	24-06-2023	-	-
NZ_AQUY01000002.1_orf39327	8f984eb3fde56717f075f2a64844b75e	1161	SUPERFAMILY	SSF53720	ALDH-like	532	950	2.36E-104	T	24-06-2023	IPR016161	Aldehyde/histidinol dehydrogenase
NZ_AQUY01000002.1_orf39327	8f984eb3fde56717f075f2a64844b75e	1161	Gene3D	G3DSA:3.40.605.10	Aldehyde Dehydrogenase; Chain A, domain 1	533	948	6.3E-107	T	24-06-2023	IPR016162	Aldehyde dehydrogenase, N-terminal
NZ_AQUY01000002.1_orf39327	8f984eb3fde56717f075f2a64844b75e	1161	PANTHER	PTHR42862	DELTA-1-PYRROLINE-5-CARBOXYLATE DEHYDROGENASE 1, ISOFORM A-RELATED	119	953	1.9E-125	T	24-06-2023	-	-
NZ_AQUY01000002.1_orf39327	8f984eb3fde56717f075f2a64844b75e	1161	ProSitePatterns	PS00070	Aldehyde dehydrogenases cysteine active site.	759	770	-	T	24-06-2023	IPR016160	Aldehyde dehydrogenase, cysteine active site
NZ_AQUY01000002.1_orf39327	8f984eb3fde56717f075f2a64844b75e	1161	Gene3D	G3DSA:3.20.20.220	-	100	468	8.3E-85	T	24-06-2023	-	-
NZ_AQUY01000002.1_orf39327	8f984eb3fde56717f075f2a64844b75e	1161	Gene3D	G3DSA:3.40.309.10	Aldehyde Dehydrogenase; Chain A, domain 2	739	930	6.3E-107	T	24-06-2023	IPR016163	Aldehyde dehydrogenase, C-terminal
NZ_AQUY01000002.1_orf39327	8f984eb3fde56717f075f2a64844b75e	1161	ProSitePatterns	PS00687	Aldehyde dehydrogenases glutamic acid active site.	731	738	-	T	24-06-2023	IPR029510	Aldehyde dehydrogenase, glutamic acid active site
NZ_AQUY01000002.1_orf39327	8f984eb3fde56717f075f2a64844b75e	1161	SUPERFAMILY	SSF51730	FAD-linked oxidoreductase	147	453	6.67E-75	T	24-06-2023	IPR029041	FAD-linked oxidoreductase-like
NZ_AQUY01000002.1_orf39327	8f984eb3fde56717f075f2a64844b75e	1161	Pfam	PF01619	Proline dehydrogenase	150	438	1.6E-60	T	24-06-2023	IPR002872	Proline dehydrogenase domain
NZ_AQUY01000002.1_orf39327	8f984eb3fde56717f075f2a64844b75e	1161	Pfam	PF00171	Aldehyde dehydrogenase family	535	946	3.3E-94	T	24-06-2023	IPR015590	Aldehyde dehydrogenase domain
NZ_AQUY01000002.1_orf33663	51ffc14fc6c29c55607d1e9d8ffe2469	1150	MobiDBLite	mobidb-lite	consensus disorder prediction	926	948	-	T	24-06-2023	-	-
NZ_AQUY01000002.1_orf33663	51ffc14fc6c29c55607d1e9d8ffe2469	1150	TIGRFAM	TIGR00757	RNaseEG: ribonuclease, Rne/Rng family	343	755	8.7E-146	T	24-06-2023	IPR004659	Ribonuclease E/G
NZ_AQUY01000002.1_orf33663	51ffc14fc6c29c55607d1e9d8ffe2469	1150	Gene3D	G3DSA:1.10.10.2480	-	20	105	1.5E-9	T	24-06-2023	-	-
NZ_AQUY01000002.1_orf33663	51ffc14fc6c29c55607d1e9d8ffe2469	1150	MobiDBLite	mobidb-lite	consensus disorder prediction	85	114	-	T	24-06-2023	-	-
NZ_AQUY01000002.1_orf33663	51ffc14fc6c29c55607d1e9d8ffe2469	1150	MobiDBLite	mobidb-lite	consensus disorder prediction	748	782	-	T	24-06-2023	-	-
NZ_AQUY01000002.1_orf33663	51ffc14fc6c29c55607d1e9d8ffe2469	1150	MobiDBLite	mobidb-lite	consensus disorder prediction	889	905	-	T	24-06-2023	-	-
NZ_AQUY01000002.1_orf33663	51ffc14fc6c29c55607d1e9d8ffe2469	1150	Coils	Coil	Coil	922	942	-	T	24-06-2023	-	-
NZ_AQUY01000002.1_orf33663	51ffc14fc6c29c55607d1e9d8ffe2469	1150	PANTHER	PTHR30001	RIBONUCLEASE	340	759	6.2E-149	T	24-06-2023	IPR004659	Ribonuclease E/G
NZ_AQUY01000002.1_orf33663	51ffc14fc6c29c55607d1e9d8ffe2469	1150	Pfam	PF04760	Translation initiation factor IF-2, N-terminal region	20	64	1.4E-6	T	24-06-2023	IPR006847	Translation initiation factor IF-2, N-terminal
NZ_AQUY01000002.1_orf33663	51ffc14fc6c29c55607d1e9d8ffe2469	1150	CDD	cd04453	S1_RNase_E	362	451	1.60726E-36	T	24-06-2023	-	-
NZ_AQUY01000002.1_orf33663	51ffc14fc6c29c55607d1e9d8ffe2469	1150	MobiDBLite	mobidb-lite	consensus disorder prediction	74	302	-	T	24-06-2023	-	-
NZ_AQUY01000002.1_orf33663	51ffc14fc6c29c55607d1e9d8ffe2469	1150	MobiDBLite	mobidb-lite	consensus disorder prediction	207	221	-	T	24-06-2023	-	-
NZ_AQUY01000002.1_orf33663	51ffc14fc6c29c55607d1e9d8ffe2469	1150	SUPERFAMILY	SSF50249	Nucleic acid-binding proteins	368	451	1.61E-17	T	24-06-2023	IPR012340	Nucleic acid-binding, OB-fold
NZ_AQUY01000002.1_orf33663	51ffc14fc6c29c55607d1e9d8ffe2469	1150	MobiDBLite	mobidb-lite	consensus disorder prediction	249	276	-	T	24-06-2023	-	-
NZ_AQUY01000002.1_orf33663	51ffc14fc6c29c55607d1e9d8ffe2469	1150	MobiDBLite	mobidb-lite	consensus disorder prediction	115	129	-	T	24-06-2023	-	-
NZ_AQUY01000002.1_orf33663	51ffc14fc6c29c55607d1e9d8ffe2469	1150	FunFam	G3DSA:2.40.50.140:FF:000066	Ribonuclease E	360	451	2.2E-43	T	24-06-2023	-	-
NZ_AQUY01000002.1_orf33663	51ffc14fc6c29c55607d1e9d8ffe2469	1150	ProSiteProfiles	PS50126	S1 domain profile.	368	445	12.529104	T	24-06-2023	IPR003029	S1 domain
NZ_AQUY01000002.1_orf33663	51ffc14fc6c29c55607d1e9d8ffe2469	1150	Pfam	PF10150	Ribonuclease E/G family	447	724	4.2E-103	T	24-06-2023	IPR019307	RNA-binding protein AU-1/Ribonuclease E/G
NZ_AQUY01000002.1_orf33663	51ffc14fc6c29c55607d1e9d8ffe2469	1150	MobiDBLite	mobidb-lite	consensus disorder prediction	825	1150	-	T	24-06-2023	-	-
NZ_AQUY01000002.1_orf33663	51ffc14fc6c29c55607d1e9d8ffe2469	1150	MobiDBLite	mobidb-lite	consensus disorder prediction	1039	1078	-	T	24-06-2023	-	-
NZ_AQUY01000002.1_orf33663	51ffc14fc6c29c55607d1e9d8ffe2469	1150	SMART	SM00316	S1_6	366	445	2.1E-9	T	24-06-2023	IPR022967	RNA-binding domain, S1
NZ_AQUY01000002.1_orf33663	51ffc14fc6c29c55607d1e9d8ffe2469	1150	MobiDBLite	mobidb-lite	consensus disorder prediction	286	302	-	T	24-06-2023	-	-
NZ_AQUY01000002.1_orf33663	51ffc14fc6c29c55607d1e9d8ffe2469	1150	Gene3D	G3DSA:2.40.50.140	-	360	451	4.3E-29	T	24-06-2023	IPR012340	Nucleic acid-binding, OB-fold
NZ_AQUY01000003.1_orf48882	9adec44760576590bc874c346fb5a6e4	981	MobiDBLite	mobidb-lite	consensus disorder prediction	1	60	-	T	24-06-2023	-	-
NZ_AQUY01000003.1_orf48882	9adec44760576590bc874c346fb5a6e4	981	SMART	SM00220	serkin_6	320	565	3.0E-22	T	24-06-2023	IPR000719	Protein kinase domain
NZ_AQUY01000003.1_orf48882	9adec44760576590bc874c346fb5a6e4	981	MobiDBLite	mobidb-lite	consensus disorder prediction	9	59	-	T	24-06-2023	-	-
NZ_AQUY01000003.1_orf48882	9adec44760576590bc874c346fb5a6e4	981	Pfam	PF00069	Protein kinase domain	326	513	8.8E-28	T	24-06-2023	IPR000719	Protein kinase domain
NZ_AQUY01000003.1_orf48882	9adec44760576590bc874c346fb5a6e4	981	MobiDBLite	mobidb-lite	consensus disorder prediction	74	95	-	T	24-06-2023	-	-
NZ_AQUY01000003.1_orf48882	9adec44760576590bc874c346fb5a6e4	981	ProSitePatterns	PS00108	Serine/Threonine protein kinases active-site signature.	442	454	-	T	24-06-2023	IPR008271	Serine/threonine-protein kinase, active site
NZ_AQUY01000003.1_orf48882	9adec44760576590bc874c346fb5a6e4	981	PANTHER	PTHR24363	SERINE/THREONINE PROTEIN KINASE	317	564	7.6E-38	T	24-06-2023	-	-
NZ_AQUY01000003.1_orf48882	9adec44760576590bc874c346fb5a6e4	981	Gene3D	G3DSA:3.30.200.20	Phosphorylase Kinase; domain 1	287	400	5.5E-31	T	24-06-2023	-	-
NZ_AQUY01000003.1_orf48882	9adec44760576590bc874c346fb5a6e4	981	FunFam	G3DSA:1.10.510.10:FF:000306	Serine/threonine protein kinase	403	578	3.9E-61	T	24-06-2023	-	-
NZ_AQUY01000003.1_orf48882	9adec44760576590bc874c346fb5a6e4	981	Gene3D	G3DSA:1.25.40.10	Tetratricopeptide repeat domain	580	751	3.3E-36	T	24-06-2023	IPR011990	Tetratricopeptide-like helical domain superfamily
NZ_AQUY01000003.1_orf48882	9adec44760576590bc874c346fb5a6e4	981	MobiDBLite	mobidb-lite	consensus disorder prediction	186	255	-	T	24-06-2023	-	-
NZ_AQUY01000003.1_orf48882	9adec44760576590bc874c346fb5a6e4	981	Gene3D	G3DSA:1.10.510.10	Transferase(Phosphotransferase) domain 1	401	577	4.2E-35	T	24-06-2023	-	-
NZ_AQUY01000003.1_orf48882	9adec44760576590bc874c346fb5a6e4	981	SUPERFAMILY	SSF48452	TPR-like	642	856	8.7E-6	T	24-06-2023	IPR011990	Tetratricopeptide-like helical domain superfamily
NZ_AQUY01000003.1_orf48882	9adec44760576590bc874c346fb5a6e4	981	CDD	cd14014	STKc_PknB_like	319	566	7.91426E-47	T	24-06-2023	-	-
NZ_AQUY01000003.1_orf48882	9adec44760576590bc874c346fb5a6e4	981	SUPERFAMILY	SSF56112	Protein kinase-like (PK-like)	306	570	6.74E-42	T	24-06-2023	IPR011009	Protein kinase-like domain superfamily
NZ_AQUY01000003.1_orf48882	9adec44760576590bc874c346fb5a6e4	981	ProSiteProfiles	PS50011	Protein kinase domain profile.	320	601	28.301228	T	24-06-2023	IPR000719	Protein kinase domain
NZ_AQUY01000003.1_orf48882	9adec44760576590bc874c346fb5a6e4	981	Gene3D	G3DSA:1.25.40.10	Tetratricopeptide repeat domain	812	981	1.0E-44	T	24-06-2023	IPR011990	Tetratricopeptide-like helical domain superfamily
NZ_AQUY01000003.1_orf48882	9adec44760576590bc874c346fb5a6e4	981	Pfam	PF16918	Protein kinase G tetratricopeptide repeat	584	979	1.2E-106	T	24-06-2023	IPR031636	Protein kinase G, tetratricopeptide repeat containing domain
NZ_AQUY01000002.1_orf31118	3d6b9b520368c06d3ca00fde1c09baba	1182	SMART	SM00487	ultradead3	409	588	7.5E-21	T	24-06-2023	IPR014001	Helicase superfamily 1/2, ATP-binding domain
NZ_AQUY01000002.1_orf31118	3d6b9b520368c06d3ca00fde1c09baba	1182	Coils	Coil	Coil	218	252	-	T	24-06-2023	-	-
NZ_AQUY01000002.1_orf31118	3d6b9b520368c06d3ca00fde1c09baba	1182	Pfam	PF00271	Helicase conserved C-terminal domain	678	775	3.6E-8	T	24-06-2023	IPR001650	Helicase, C-terminal
NZ_AQUY01000002.1_orf31118	3d6b9b520368c06d3ca00fde1c09baba	1182	Gene3D	G3DSA:3.40.50.300	-	583	815	3.7E-49	T	24-06-2023	IPR027417	P-loop containing nucleoside triphosphate hydrolase
NZ_AQUY01000002.1_orf31118	3d6b9b520368c06d3ca00fde1c09baba	1182	Coils	Coil	Coil	975	995	-	T	24-06-2023	-	-
NZ_AQUY01000002.1_orf31118	3d6b9b520368c06d3ca00fde1c09baba	1182	ProSiteProfiles	PS51194	Superfamilies 1 and 2 helicase C-terminal domain profile.	665	836	8.825892	T	24-06-2023	IPR001650	Helicase, C-terminal
NZ_AQUY01000002.1_orf31118	3d6b9b520368c06d3ca00fde1c09baba	1182	CDD	cd18799	SF2_C_EcoAI-like	681	796	4.72383E-33	T	24-06-2023	-	-
NZ_AQUY01000002.1_orf31118	3d6b9b520368c06d3ca00fde1c09baba	1182	PANTHER	PTHR47396	TYPE I RESTRICTION ENZYME ECOKI R PROTEIN	375	1162	1.2E-138	T	24-06-2023	-	-
NZ_AQUY01000002.1_orf31118	3d6b9b520368c06d3ca00fde1c09baba	1182	ProSiteProfiles	PS51192	Superfamilies 1 and 2 helicase ATP-binding type-1 domain profile.	427	578	17.500671	T	24-06-2023	IPR014001	Helicase superfamily 1/2, ATP-binding domain
NZ_AQUY01000002.1_orf31118	3d6b9b520368c06d3ca00fde1c09baba	1182	Pfam	PF04851	Type III restriction enzyme, res subunit	414	561	2.7E-32	T	24-06-2023	IPR006935	Helicase/UvrB, N-terminal
NZ_AQUY01000002.1_orf31118	3d6b9b520368c06d3ca00fde1c09baba	1182	Gene3D	G3DSA:3.90.1570.30	-	248	396	5.4E-21	T	24-06-2023	-	-
NZ_AQUY01000002.1_orf31118	3d6b9b520368c06d3ca00fde1c09baba	1182	CDD	cd18032	DEXHc_RE_I_III_res	414	572	7.51042E-59	T	24-06-2023	-	-
NZ_AQUY01000002.1_orf31118	3d6b9b520368c06d3ca00fde1c09baba	1182	Gene3D	G3DSA:3.40.50.300	-	397	575	8.0E-51	T	24-06-2023	IPR027417	P-loop containing nucleoside triphosphate hydrolase
NZ_AQUY01000002.1_orf31118	3d6b9b520368c06d3ca00fde1c09baba	1182	Coils	Coil	Coil	183	210	-	T	24-06-2023	-	-
NZ_AQUY01000002.1_orf31118	3d6b9b520368c06d3ca00fde1c09baba	1182	SUPERFAMILY	SSF52540	P-loop containing nucleoside triphosphate hydrolases	426	778	3.46E-36	T	24-06-2023	IPR027417	P-loop containing nucleoside triphosphate hydrolase
NZ_AQUY01000002.1_orf31118	3d6b9b520368c06d3ca00fde1c09baba	1182	Pfam	PF13643	Domain of unknown function (DUF4145)	41	123	3.7E-7	T	24-06-2023	IPR025285	Domain of unknown function DUF4145
NZ_AQUY01000002.1_orf31118	3d6b9b520368c06d3ca00fde1c09baba	1182	Pfam	PF08463	EcoEI R protein C-terminal	1028	1156	3.2E-9	T	24-06-2023	IPR013670	EcoEI R protein C-terminal domain
NZ_AQUY01000004.1_orf56649	db276b023af88dcb1ed3cbc30ead23c0	875	PANTHER	PTHR33406	MEMBRANE PROTEIN MJ1562-RELATED	43	819	3.0E-125	T	24-06-2023	-	-
NZ_AQUY01000004.1_orf56649	db276b023af88dcb1ed3cbc30ead23c0	875	Pfam	PF03176	MMPL family	89	448	2.7E-58	T	24-06-2023	IPR004869	Membrane transport protein MMPL domain
NZ_AQUY01000004.1_orf56649	db276b023af88dcb1ed3cbc30ead23c0	875	Pfam	PF03176	MMPL family	486	808	5.7E-39	T	24-06-2023	IPR004869	Membrane transport protein MMPL domain
NZ_AQUY01000004.1_orf56649	db276b023af88dcb1ed3cbc30ead23c0	875	Gene3D	G3DSA:1.20.1640.10	Multidrug efflux transporter AcrB transmembrane domain	594	806	6.7E-23	T	24-06-2023	-	-
NZ_AQUY01000004.1_orf56649	db276b023af88dcb1ed3cbc30ead23c0	875	Gene3D	G3DSA:1.20.1640.10	Multidrug efflux transporter AcrB transmembrane domain	224	409	9.0E-26	T	24-06-2023	-	-
NZ_AQUY01000004.1_orf56649	db276b023af88dcb1ed3cbc30ead23c0	875	MobiDBLite	mobidb-lite	consensus disorder prediction	837	875	-	T	24-06-2023	-	-
NZ_AQUY01000004.1_orf56649	db276b023af88dcb1ed3cbc30ead23c0	875	ProSiteProfiles	PS50156	Sterol-sensing domain (SSD) profile.	279	404	12.537462	T	24-06-2023	IPR000731	Sterol-sensing domain
NZ_AQUY01000004.1_orf56649	db276b023af88dcb1ed3cbc30ead23c0	875	SUPERFAMILY	SSF82866	Multidrug efflux transporter AcrB transmembrane domain	189	408	8.63E-32	T	24-06-2023	-	-
NZ_AQUY01000004.1_orf56649	db276b023af88dcb1ed3cbc30ead23c0	875	SUPERFAMILY	SSF82866	Multidrug efflux transporter AcrB transmembrane domain	559	808	1.02E-26	T	24-06-2023	-	-
NZ_AQUY01000006.1_orf59072	65e577da95292f3d6d4375f927036c76	169	PANTHER	PTHR38146	30S RIBOSOMAL PROTEIN S12, CHLOROPLASTIC	4	69	1.4E-10	T	24-06-2023	-	-
NZ_AQUY01000006.1_orf59072	65e577da95292f3d6d4375f927036c76	169	MobiDBLite	mobidb-lite	consensus disorder prediction	148	169	-	T	24-06-2023	-	-
NZ_AQUY01000001.1_orf3285	702170e9565b680effd797a6c9905db3	1468	Gene3D	G3DSA:3.40.50.300	-	581	945	8.4E-105	T	24-06-2023	IPR027417	P-loop containing nucleoside triphosphate hydrolase
NZ_AQUY01000001.1_orf3285	702170e9565b680effd797a6c9905db3	1468	SMART	SM00382	AAA_5	1259	1430	12.0	T	24-06-2023	IPR003593	AAA+ ATPase domain
NZ_AQUY01000001.1_orf3285	702170e9565b680effd797a6c9905db3	1468	SMART	SM00382	AAA_5	989	1156	2.3E-5	T	24-06-2023	IPR003593	AAA+ ATPase domain
NZ_AQUY01000001.1_orf3285	702170e9565b680effd797a6c9905db3	1468	SMART	SM00382	AAA_5	637	822	1.1	T	24-06-2023	IPR003593	AAA+ ATPase domain
NZ_AQUY01000001.1_orf3285	702170e9565b680effd797a6c9905db3	1468	Coils	Coil	Coil	1056	1076	-	T	24-06-2023	-	-
NZ_AQUY01000001.1_orf3285	702170e9565b680effd797a6c9905db3	1468	MobiDBLite	mobidb-lite	consensus disorder prediction	896	917	-	T	24-06-2023	-	-
NZ_AQUY01000001.1_orf3285	702170e9565b680effd797a6c9905db3	1468	SUPERFAMILY	SSF52540	P-loop containing nucleoside triphosphate hydrolases	1227	1396	3.32E-8	T	24-06-2023	IPR027417	P-loop containing nucleoside triphosphate hydrolase
NZ_AQUY01000001.1_orf3285	702170e9565b680effd797a6c9905db3	1468	MobiDBLite	mobidb-lite	consensus disorder prediction	59	74	-	T	24-06-2023	-	-
NZ_AQUY01000001.1_orf3285	702170e9565b680effd797a6c9905db3	1468	Pfam	PF01580	FtsK/SpoIIIE family	610	800	2.2E-29	T	24-06-2023	IPR002543	FtsK domain
NZ_AQUY01000001.1_orf3285	702170e9565b680effd797a6c9905db3	1468	Pfam	PF01580	FtsK/SpoIIIE family	1229	1337	1.1E-5	T	24-06-2023	IPR002543	FtsK domain
NZ_AQUY01000001.1_orf3285	702170e9565b680effd797a6c9905db3	1468	Pfam	PF01580	FtsK/SpoIIIE family	967	1188	7.0E-43	T	24-06-2023	IPR002543	FtsK domain
NZ_AQUY01000001.1_orf3285	702170e9565b680effd797a6c9905db3	1468	ProSiteProfiles	PS50901	FtsK domain profile.	1250	1433	18.439365	T	24-06-2023	IPR002543	FtsK domain
NZ_AQUY01000001.1_orf3285	702170e9565b680effd797a6c9905db3	1468	MobiDBLite	mobidb-lite	consensus disorder prediction	59	81	-	T	24-06-2023	-	-
NZ_AQUY01000001.1_orf3285	702170e9565b680effd797a6c9905db3	1468	Gene3D	G3DSA:3.40.50.300	-	946	1218	1.6E-64	T	24-06-2023	IPR027417	P-loop containing nucleoside triphosphate hydrolase
NZ_AQUY01000001.1_orf3285	702170e9565b680effd797a6c9905db3	1468	SUPERFAMILY	SSF52540	P-loop containing nucleoside triphosphate hydrolases	594	864	1.45E-24	T	24-06-2023	IPR027417	P-loop containing nucleoside triphosphate hydrolase
NZ_AQUY01000001.1_orf3285	702170e9565b680effd797a6c9905db3	1468	ProSiteProfiles	PS50901	FtsK domain profile.	979	1161	33.669701	T	24-06-2023	IPR002543	FtsK domain
NZ_AQUY01000001.1_orf3285	702170e9565b680effd797a6c9905db3	1468	Gene3D	G3DSA:3.40.50.300	-	1233	1466	2.6E-50	T	24-06-2023	IPR027417	P-loop containing nucleoside triphosphate hydrolase
NZ_AQUY01000001.1_orf3285	702170e9565b680effd797a6c9905db3	1468	ProSiteProfiles	PS50901	FtsK domain profile.	621	827	36.894302	T	24-06-2023	IPR002543	FtsK domain
NZ_AQUY01000001.1_orf3285	702170e9565b680effd797a6c9905db3	1468	TIGRFAM	TIGR03924	T7SS_EccC_a: type VII secretion protein EccCa	204	866	1.7E-252	T	24-06-2023	IPR023836	EccCa-like, Actinobacteria
NZ_AQUY01000001.1_orf3285	702170e9565b680effd797a6c9905db3	1468	SUPERFAMILY	SSF52540	P-loop containing nucleoside triphosphate hydrolases	948	1157	1.38E-21	T	24-06-2023	IPR027417	P-loop containing nucleoside triphosphate hydrolase
NZ_AQUY01000001.1_orf3285	702170e9565b680effd797a6c9905db3	1468	PANTHER	PTHR22683	SPORULATION PROTEIN RELATED	980	1160	7.1E-101	T	24-06-2023	-	-
NZ_AQUY01000001.1_orf3285	702170e9565b680effd797a6c9905db3	1468	TIGRFAM	TIGR03925	T7SS_EccC_b: type VII secretion protein EccCb	924	1462	1.3E-187	T	24-06-2023	IPR023837	EccCb-like, Actinobacteria
NZ_AQUY01000006.1_orf59106	7390c2a914214a32f4c1e91cae9d5ea6	137	MobiDBLite	mobidb-lite	consensus disorder prediction	83	103	-	T	24-06-2023	-	-
NZ_AQUY01000003.1_orf49326	35449ec70ca5449b8456170aba3933c4	1037	MobiDBLite	mobidb-lite	consensus disorder prediction	889	903	-	T	24-06-2023	-	-
NZ_AQUY01000003.1_orf49326	35449ec70ca5449b8456170aba3933c4	1037	ProSiteProfiles	PS51379	4Fe-4S ferredoxin-type iron-sulfur binding domain profile.	330	360	8.104802	T	24-06-2023	IPR017896	4Fe-4S ferredoxin-type, iron-sulphur binding domain
NZ_AQUY01000003.1_orf49326	35449ec70ca5449b8456170aba3933c4	1037	ProSiteProfiles	PS51379	4Fe-4S ferredoxin-type iron-sulfur binding domain profile.	394	426	8.390429	T	24-06-2023	IPR017896	4Fe-4S ferredoxin-type, iron-sulphur binding domain
NZ_AQUY01000003.1_orf49326	35449ec70ca5449b8456170aba3933c4	1037	ProSitePatterns	PS00198	4Fe-4S ferredoxin-type iron-sulfur binding region signature.	406	417	-	T	24-06-2023	IPR017900	4Fe-4S ferredoxin, iron-sulphur binding, conserved site
NZ_AQUY01000003.1_orf49326	35449ec70ca5449b8456170aba3933c4	1037	Pfam	PF13183	4Fe-4S dicluster domain	336	420	4.8E-13	T	24-06-2023	IPR017896	4Fe-4S ferredoxin-type, iron-sulphur binding domain
NZ_AQUY01000003.1_orf49326	35449ec70ca5449b8456170aba3933c4	1037	Coils	Coil	Coil	763	805	-	T	24-06-2023	-	-
NZ_AQUY01000003.1_orf49326	35449ec70ca5449b8456170aba3933c4	1037	MobiDBLite	mobidb-lite	consensus disorder prediction	773	796	-	T	24-06-2023	-	-
NZ_AQUY01000003.1_orf49326	35449ec70ca5449b8456170aba3933c4	1037	SUPERFAMILY	SSF46548	alpha-helical ferredoxin	322	434	2.96E-21	T	24-06-2023	-	-
NZ_AQUY01000003.1_orf49326	35449ec70ca5449b8456170aba3933c4	1037	Gene3D	G3DSA:1.10.1060.10	-	304	440	3.5E-31	T	24-06-2023	IPR009051	Alpha-helical ferredoxin
NZ_AQUY01000003.1_orf49326	35449ec70ca5449b8456170aba3933c4	1037	MobiDBLite	mobidb-lite	consensus disorder prediction	773	1037	-	T	24-06-2023	-	-
NZ_AQUY01000003.1_orf49326	35449ec70ca5449b8456170aba3933c4	1037	PANTHER	PTHR43255	IRON-SULFUR-BINDING OXIDOREDUCTASE FADF-RELATED-RELATED	60	775	1.3E-169	T	24-06-2023	-	-
NZ_AQUY01000003.1_orf49326	35449ec70ca5449b8456170aba3933c4	1037	MobiDBLite	mobidb-lite	consensus disorder prediction	994	1030	-	T	24-06-2023	-	-
NZ_AQUY01000003.1_orf49326	35449ec70ca5449b8456170aba3933c4	1037	Pfam	PF02754	Cysteine-rich domain	494	586	2.7E-15	T	24-06-2023	IPR004017	Cysteine-rich domain
NZ_AQUY01000003.1_orf49326	35449ec70ca5449b8456170aba3933c4	1037	Pfam	PF02754	Cysteine-rich domain	626	712	9.5E-15	T	24-06-2023	IPR004017	Cysteine-rich domain
NZ_AQUY01000004.1_orf54676	2cebb41228171ba8da7df155cf4e25a2	872	MobiDBLite	mobidb-lite	consensus disorder prediction	223	261	-	T	24-06-2023	-	-
NZ_AQUY01000004.1_orf54676	2cebb41228171ba8da7df155cf4e25a2	872	MobiDBLite	mobidb-lite	consensus disorder prediction	852	872	-	T	24-06-2023	-	-
NZ_AQUY01000003.1_orf48599	4ec2a1739d59fcaf2b60ecca2cdd9e84	1093	Pfam	PF20501	MBH, subunit E	760	836	1.1E-14	T	24-06-2023	IPR046806	MrpA C-terminal/MbhE
NZ_AQUY01000003.1_orf48599	4ec2a1739d59fcaf2b60ecca2cdd9e84	1093	Pfam	PF00361	Proton-conducting membrane transporter	160	443	1.6E-60	T	24-06-2023	IPR001750	NADH:quinone oxidoreductase/Mrp antiporter, membrane subunit
NZ_AQUY01000003.1_orf48599	4ec2a1739d59fcaf2b60ecca2cdd9e84	1093	PANTHER	PTHR43373	NA(+)/H(+) ANTIPORTER SUBUNIT	87	834	1.5E-201	T	24-06-2023	-	-
NZ_AQUY01000003.1_orf48599	4ec2a1739d59fcaf2b60ecca2cdd9e84	1093	MobiDBLite	mobidb-lite	consensus disorder prediction	876	891	-	T	24-06-2023	-	-
NZ_AQUY01000003.1_orf48599	4ec2a1739d59fcaf2b60ecca2cdd9e84	1093	MobiDBLite	mobidb-lite	consensus disorder prediction	851	891	-	T	24-06-2023	-	-
NZ_AQUY01000003.1_orf48599	4ec2a1739d59fcaf2b60ecca2cdd9e84	1093	Pfam	PF13244	MBH, subunit D	680	742	7.0E-21	T	24-06-2023	IPR025383	MrpA C-terminal/MbhD
NZ_AQUY01000003.1_orf48599	4ec2a1739d59fcaf2b60ecca2cdd9e84	1093	MobiDBLite	mobidb-lite	consensus disorder prediction	1063	1093	-	T	24-06-2023	-	-
NZ_AQUY01000003.1_orf48599	4ec2a1739d59fcaf2b60ecca2cdd9e84	1093	PRINTS	PR01434	NADH-ubiquinone oxidoreductase chain 5 signature	278	304	3.5E-30	T	24-06-2023	-	-
NZ_AQUY01000003.1_orf48599	4ec2a1739d59fcaf2b60ecca2cdd9e84	1093	PRINTS	PR01434	NADH-ubiquinone oxidoreductase chain 5 signature	105	130	3.5E-30	T	24-06-2023	-	-
NZ_AQUY01000003.1_orf48599	4ec2a1739d59fcaf2b60ecca2cdd9e84	1093	PRINTS	PR01434	NADH-ubiquinone oxidoreductase chain 5 signature	184	205	3.5E-30	T	24-06-2023	-	-
NZ_AQUY01000003.1_orf48599	4ec2a1739d59fcaf2b60ecca2cdd9e84	1093	PRINTS	PR01434	NADH-ubiquinone oxidoreductase chain 5 signature	346	358	3.5E-30	T	24-06-2023	-	-
NZ_AQUY01000003.1_orf48599	4ec2a1739d59fcaf2b60ecca2cdd9e84	1093	PRINTS	PR01434	NADH-ubiquinone oxidoreductase chain 5 signature	456	475	3.5E-30	T	24-06-2023	-	-
NZ_AQUY01000003.1_orf48599	4ec2a1739d59fcaf2b60ecca2cdd9e84	1093	PRINTS	PR01434	NADH-ubiquinone oxidoreductase chain 5 signature	256	277	3.5E-30	T	24-06-2023	-	-
NZ_AQUY01000003.1_orf48599	4ec2a1739d59fcaf2b60ecca2cdd9e84	1093	MobiDBLite	mobidb-lite	consensus disorder prediction	1063	1086	-	T	24-06-2023	-	-
NZ_AQUY01000003.1_orf48599	4ec2a1739d59fcaf2b60ecca2cdd9e84	1093	Pfam	PF04039	Domain related to MnhB subunit of Na+/H+ antiporter	912	1034	4.1E-28	T	24-06-2023	IPR007182	Na+/H+ antiporter MnhB subunit-related protein
NZ_AQUY01000005.1_orf59017	57e2a4005f9dda6cb52e11967fd1f4ed	111	MobiDBLite	mobidb-lite	consensus disorder prediction	1	35	-	T	24-06-2023	-	-
NZ_AQUY01000005.1_orf59017	57e2a4005f9dda6cb52e11967fd1f4ed	111	MobiDBLite	mobidb-lite	consensus disorder prediction	1	78	-	T	24-06-2023	-	-
NZ_AQUY01000005.1_orf59017	57e2a4005f9dda6cb52e11967fd1f4ed	111	AntiFam	ANF00005	Antisense to 23S rRNA	26	94	3.7E-39	T	24-06-2023	-	-
NZ_AQUY01000004.1_orf55034	5f4bce1fbbb996f05440f373bbea1251	884	FunFam	G3DSA:1.10.268.10:FF:000001	DNA gyrase subunit A	412	511	3.1E-30	T	24-06-2023	-	-
NZ_AQUY01000004.1_orf55034	5f4bce1fbbb996f05440f373bbea1251	884	SUPERFAMILY	SSF56719	Type II DNA topoisomerase	38	541	3.53E-168	T	24-06-2023	IPR013760	DNA topoisomerase, type IIA-like domain superfamily
NZ_AQUY01000004.1_orf55034	5f4bce1fbbb996f05440f373bbea1251	884	CDD	cd00187	TOP4c	79	527	0.0	T	24-06-2023	IPR002205	DNA topoisomerase, type IIA,  domain A
NZ_AQUY01000004.1_orf55034	5f4bce1fbbb996f05440f373bbea1251	884	Gene3D	G3DSA:2.120.10.90	-	553	861	2.0E-120	T	24-06-2023	IPR035516	DNA gyrase/topoisomerase IV, subunit A, C-terminal
NZ_AQUY01000004.1_orf55034	5f4bce1fbbb996f05440f373bbea1251	884	Pfam	PF03989	DNA gyrase C-terminal domain, beta-propeller	663	706	3.1E-7	T	24-06-2023	IPR006691	DNA gyrase/topoisomerase IV, subunit A, C-terminal repeat
NZ_AQUY01000004.1_orf55034	5f4bce1fbbb996f05440f373bbea1251	884	Pfam	PF03989	DNA gyrase C-terminal domain, beta-propeller	606	654	3.7E-11	T	24-06-2023	IPR006691	DNA gyrase/topoisomerase IV, subunit A, C-terminal repeat
NZ_AQUY01000004.1_orf55034	5f4bce1fbbb996f05440f373bbea1251	884	Pfam	PF03989	DNA gyrase C-terminal domain, beta-propeller	711	758	3.0E-10	T	24-06-2023	IPR006691	DNA gyrase/topoisomerase IV, subunit A, C-terminal repeat
NZ_AQUY01000004.1_orf55034	5f4bce1fbbb996f05440f373bbea1251	884	Pfam	PF03989	DNA gyrase C-terminal domain, beta-propeller	558	603	7.9E-14	T	24-06-2023	IPR006691	DNA gyrase/topoisomerase IV, subunit A, C-terminal repeat
NZ_AQUY01000004.1_orf55034	5f4bce1fbbb996f05440f373bbea1251	884	Pfam	PF03989	DNA gyrase C-terminal domain, beta-propeller	813	856	1.9E-9	T	24-06-2023	IPR006691	DNA gyrase/topoisomerase IV, subunit A, C-terminal repeat
NZ_AQUY01000004.1_orf55034	5f4bce1fbbb996f05440f373bbea1251	884	Pfam	PF03989	DNA gyrase C-terminal domain, beta-propeller	763	809	5.6E-10	T	24-06-2023	IPR006691	DNA gyrase/topoisomerase IV, subunit A, C-terminal repeat
NZ_AQUY01000004.1_orf55034	5f4bce1fbbb996f05440f373bbea1251	884	Gene3D	G3DSA:3.90.199.10	Topoisomerase II, domain 5	81	539	4.4E-206	T	24-06-2023	IPR013758	DNA topoisomerase, type IIA, domain A, alpha-beta
NZ_AQUY01000004.1_orf55034	5f4bce1fbbb996f05440f373bbea1251	884	MobiDBLite	mobidb-lite	consensus disorder prediction	1	26	-	T	24-06-2023	-	-
NZ_AQUY01000004.1_orf55034	5f4bce1fbbb996f05440f373bbea1251	884	FunFam	G3DSA:3.30.1360.40:FF:000008	DNA topoisomerase (ATP-hydrolyzing)	289	385	4.0E-42	T	24-06-2023	-	-
NZ_AQUY01000004.1_orf55034	5f4bce1fbbb996f05440f373bbea1251	884	Hamap	MF_01897	DNA gyrase subunit A [gyrA].	51	861	23.143454	T	24-06-2023	IPR005743	DNA gyrase, subunit A
NZ_AQUY01000004.1_orf55034	5f4bce1fbbb996f05440f373bbea1251	884	Coils	Coil	Coil	489	509	-	T	24-06-2023	-	-
NZ_AQUY01000004.1_orf55034	5f4bce1fbbb996f05440f373bbea1251	884	FunFam	G3DSA:2.120.10.90:FF:000005	DNA topoisomerase 4 subunit A	551	859	3.1E-96	T	24-06-2023	-	-
NZ_AQUY01000004.1_orf55034	5f4bce1fbbb996f05440f373bbea1251	884	SMART	SM00434	topIV4	60	517	2.1E-265	T	24-06-2023	IPR002205	DNA topoisomerase, type IIA,  domain A
NZ_AQUY01000004.1_orf55034	5f4bce1fbbb996f05440f373bbea1251	884	Pfam	PF00521	DNA gyrase/topoisomerase IV, subunit A	81	524	9.5E-146	T	24-06-2023	IPR002205	DNA topoisomerase, type IIA,  domain A
NZ_AQUY01000004.1_orf55034	5f4bce1fbbb996f05440f373bbea1251	884	Gene3D	G3DSA:1.10.268.10	Topoisomerase, domain 3	422	510	4.4E-206	T	24-06-2023	IPR013757	DNA topoisomerase, type IIA, alpha-helical domain superfamily
NZ_AQUY01000004.1_orf55034	5f4bce1fbbb996f05440f373bbea1251	884	MobiDBLite	mobidb-lite	consensus disorder prediction	1	32	-	T	24-06-2023	-	-
NZ_AQUY01000004.1_orf55034	5f4bce1fbbb996f05440f373bbea1251	884	Gene3D	G3DSA:3.30.1360.40	-	289	385	4.4E-206	T	24-06-2023	-	-
NZ_AQUY01000004.1_orf55034	5f4bce1fbbb996f05440f373bbea1251	884	PANTHER	PTHR43493	DNA GYRASE/TOPOISOMERASE SUBUNIT A	55	867	0.0	T	24-06-2023	-	-
NZ_AQUY01000004.1_orf55034	5f4bce1fbbb996f05440f373bbea1251	884	SUPERFAMILY	SSF101904	GyrA/ParC C-terminal domain-like	551	871	1.07E-101	T	24-06-2023	IPR035516	DNA gyrase/topoisomerase IV, subunit A, C-terminal
NZ_AQUY01000004.1_orf55034	5f4bce1fbbb996f05440f373bbea1251	884	MobiDBLite	mobidb-lite	consensus disorder prediction	860	884	-	T	24-06-2023	-	-
NZ_AQUY01000004.1_orf55034	5f4bce1fbbb996f05440f373bbea1251	884	TIGRFAM	TIGR01063	gyrA: DNA gyrase, A subunit	57	858	0.0	T	24-06-2023	-	-
NZ_AQUY01000001.1_orf16090	e741a46a1fc0f70b950ce1e23fcf630b	1618	TIGRFAM	TIGR01760	tape_meas_TP901: phage tail tape measure protein, TP901 family, core region	215	410	1.2E-9	T	24-06-2023	IPR010090	Phage tail tape measure protein
NZ_AQUY01000001.1_orf16090	e741a46a1fc0f70b950ce1e23fcf630b	1618	PANTHER	PTHR18976	APOLIPOPROTEIN	626	922	3.6E-10	T	24-06-2023	-	-
NZ_AQUY01000001.1_orf16090	e741a46a1fc0f70b950ce1e23fcf630b	1618	Pfam	PF10145	Phage-related minor tail protein	272	437	3.0E-8	T	24-06-2023	IPR010090	Phage tail tape measure protein
NZ_AQUY01000001.1_orf16090	e741a46a1fc0f70b950ce1e23fcf630b	1618	MobiDBLite	mobidb-lite	consensus disorder prediction	148	194	-	T	24-06-2023	-	-
NZ_AQUY01000001.1_orf16090	e741a46a1fc0f70b950ce1e23fcf630b	1618	SUPERFAMILY	SSF58113	Apolipoprotein A-I	686	863	3.79E-9	T	24-06-2023	-	-
NZ_AQUY01000001.1_orf16090	e741a46a1fc0f70b950ce1e23fcf630b	1618	SUPERFAMILY	SSF57997	Tropomyosin	62	199	9.37E-5	T	24-06-2023	-	-
NZ_AQUY01000001.1_orf16090	e741a46a1fc0f70b950ce1e23fcf630b	1618	Coils	Coil	Coil	88	115	-	T	24-06-2023	-	-
NZ_AQUY01000001.1_orf16090	e741a46a1fc0f70b950ce1e23fcf630b	1618	Coils	Coil	Coil	1618	1618	-	T	24-06-2023	-	-
NZ_AQUY01000001.1_orf16090	e741a46a1fc0f70b950ce1e23fcf630b	1618	Gene3D	G3DSA:1.20.120.20	Apolipoprotein	800	954	2.9E-5	T	24-06-2023	-	-
NZ_AQUY01000001.1_orf16090	e741a46a1fc0f70b950ce1e23fcf630b	1618	Gene3D	G3DSA:1.20.120.20	Apolipoprotein	576	765	1.5E-9	T	24-06-2023	-	-
NZ_AQUY01000005.1_orf59048	f3dbe13ccb4b3b2bbb99c94409b64f6c	108	MobiDBLite	mobidb-lite	consensus disorder prediction	62	108	-	T	24-06-2023	-	-
NZ_AQUY01000005.1_orf59048	f3dbe13ccb4b3b2bbb99c94409b64f6c	108	MobiDBLite	mobidb-lite	consensus disorder prediction	71	101	-	T	24-06-2023	-	-
NZ_AQUY01000001.1_orf6057	31f336e85af280d4d6f46ab52281f527	1278	Pfam	PF03461	TRCF domain	1088	1170	1.2E-23	T	24-06-2023	IPR005118	Transcription-repair-coupling factor, C-terminal domain
NZ_AQUY01000001.1_orf6057	31f336e85af280d4d6f46ab52281f527	1278	MobiDBLite	mobidb-lite	consensus disorder prediction	1238	1278	-	T	24-06-2023	-	-
NZ_AQUY01000001.1_orf6057	31f336e85af280d4d6f46ab52281f527	1278	ProSiteProfiles	PS51192	Superfamilies 1 and 2 helicase ATP-binding type-1 domain profile.	694	855	22.46143	T	24-06-2023	IPR014001	Helicase superfamily 1/2, ATP-binding domain
NZ_AQUY01000001.1_orf6057	31f336e85af280d4d6f46ab52281f527	1278	TIGRFAM	TIGR00580	mfd: transcription-repair coupling factor	196	1160	0.0	T	24-06-2023	IPR004576	Transcription-repair coupling factor
NZ_AQUY01000001.1_orf6057	31f336e85af280d4d6f46ab52281f527	1278	Hamap	MF_00969	Transcription-repair-coupling factor [mfd].	81	1184	27.075901	T	24-06-2023	IPR004576	Transcription-repair coupling factor
NZ_AQUY01000001.1_orf6057	31f336e85af280d4d6f46ab52281f527	1278	Pfam	PF00270	DEAD/DEAH box helicase	681	842	3.4E-18	T	24-06-2023	IPR011545	DEAD/DEAH box helicase domain
NZ_AQUY01000001.1_orf6057	31f336e85af280d4d6f46ab52281f527	1278	Gene3D	G3DSA:2.40.10.170	-	551	617	3.3E-227	T	24-06-2023	-	-
NZ_AQUY01000001.1_orf6057	31f336e85af280d4d6f46ab52281f527	1278	Pfam	PF02559	CarD-like/TRCF domain	548	651	9.7E-27	T	24-06-2023	IPR003711	CarD-like/TRCF, RNAP-interacting domain
NZ_AQUY01000001.1_orf6057	31f336e85af280d4d6f46ab52281f527	1278	Gene3D	G3DSA:3.90.1150.50	-	1083	1232	3.2E-29	T	24-06-2023	IPR037235	TRCF-like, C-terminal D7 domain
NZ_AQUY01000001.1_orf6057	31f336e85af280d4d6f46ab52281f527	1278	SUPERFAMILY	SSF143517	TRCF domain-like	1079	1232	1.96E-32	T	24-06-2023	IPR037235	TRCF-like, C-terminal D7 domain
NZ_AQUY01000001.1_orf6057	31f336e85af280d4d6f46ab52281f527	1278	CDD	cd17991	DEXHc_TRCF	665	857	7.42799E-120	T	24-06-2023	-	-
NZ_AQUY01000001.1_orf6057	31f336e85af280d4d6f46ab52281f527	1278	Pfam	PF00271	Helicase conserved C-terminal domain	886	985	1.8E-14	T	24-06-2023	IPR001650	Helicase, C-terminal
NZ_AQUY01000001.1_orf6057	31f336e85af280d4d6f46ab52281f527	1278	Pfam	PF17757	UvrB interaction domain	179	268	5.9E-23	T	24-06-2023	IPR041471	UvrB, interaction domain
NZ_AQUY01000001.1_orf6057	31f336e85af280d4d6f46ab52281f527	1278	SMART	SM00982	TRCF_a_2_a	1087	1185	9.1E-33	T	24-06-2023	IPR005118	Transcription-repair-coupling factor, C-terminal domain
NZ_AQUY01000001.1_orf6057	31f336e85af280d4d6f46ab52281f527	1278	SUPERFAMILY	SSF52540	P-loop containing nucleoside triphosphate hydrolases	74	370	1.23E-64	T	24-06-2023	IPR027417	P-loop containing nucleoside triphosphate hydrolase
NZ_AQUY01000001.1_orf6057	31f336e85af280d4d6f46ab52281f527	1278	ProSiteProfiles	PS51194	Superfamilies 1 and 2 helicase C-terminal domain profile.	873	1030	15.284174	T	24-06-2023	IPR001650	Helicase, C-terminal
NZ_AQUY01000001.1_orf6057	31f336e85af280d4d6f46ab52281f527	1278	SMART	SM00487	ultradead3	676	866	1.1E-31	T	24-06-2023	IPR014001	Helicase superfamily 1/2, ATP-binding domain
NZ_AQUY01000001.1_orf6057	31f336e85af280d4d6f46ab52281f527	1278	Gene3D	G3DSA:3.40.50.300	-	548	1066	3.3E-227	T	24-06-2023	IPR027417	P-loop containing nucleoside triphosphate hydrolase
NZ_AQUY01000001.1_orf6057	31f336e85af280d4d6f46ab52281f527	1278	SUPERFAMILY	SSF141259	CarD-like	541	619	4.05E-14	T	24-06-2023	IPR036101	CarD-like/TRCF, RNAP-interacting domain superfamily
NZ_AQUY01000001.1_orf6057	31f336e85af280d4d6f46ab52281f527	1278	SUPERFAMILY	SSF52540	P-loop containing nucleoside triphosphate hydrolases	602	859	9.7E-61	T	24-06-2023	IPR027417	P-loop containing nucleoside triphosphate hydrolase
NZ_AQUY01000001.1_orf6057	31f336e85af280d4d6f46ab52281f527	1278	SMART	SM01058	CarD_TRCF_2	547	652	2.5E-46	T	24-06-2023	IPR003711	CarD-like/TRCF, RNAP-interacting domain
NZ_AQUY01000001.1_orf6057	31f336e85af280d4d6f46ab52281f527	1278	Gene3D	G3DSA:3.40.50.300	-	618	857	3.3E-227	T	24-06-2023	IPR027417	P-loop containing nucleoside triphosphate hydrolase
NZ_AQUY01000001.1_orf6057	31f336e85af280d4d6f46ab52281f527	1278	Coils	Coil	Coil	1263	1278	-	T	24-06-2023	-	-
NZ_AQUY01000001.1_orf6057	31f336e85af280d4d6f46ab52281f527	1278	FunFam	G3DSA:3.40.50.300:FF:000300	Transcription-repair-coupling factor	856	1066	1.3E-103	T	24-06-2023	-	-
NZ_AQUY01000001.1_orf6057	31f336e85af280d4d6f46ab52281f527	1278	Gene3D	G3DSA:3.40.50.11180	-	77	346	3.7E-62	T	24-06-2023	-	-
NZ_AQUY01000001.1_orf6057	31f336e85af280d4d6f46ab52281f527	1278	FunFam	G3DSA:3.40.50.300:FF:000546	Transcription-repair-coupling factor	618	855	2.9E-114	T	24-06-2023	-	-
NZ_AQUY01000001.1_orf6057	31f336e85af280d4d6f46ab52281f527	1278	Gene3D	G3DSA:3.30.2060.10	-	179	266	3.7E-62	T	24-06-2023	-	-
NZ_AQUY01000001.1_orf6057	31f336e85af280d4d6f46ab52281f527	1278	Coils	Coil	Coil	678	698	-	T	24-06-2023	-	-
NZ_AQUY01000001.1_orf6057	31f336e85af280d4d6f46ab52281f527	1278	SMART	SM00490	helicmild6	902	986	2.5E-17	T	24-06-2023	IPR001650	Helicase, C-terminal
NZ_AQUY01000001.1_orf6057	31f336e85af280d4d6f46ab52281f527	1278	PANTHER	PTHR47964	ATP-DEPENDENT DNA HELICASE HOMOLOG RECG, CHLOROPLASTIC	653	1060	5.5E-126	T	24-06-2023	IPR047112	ATP-dependent DNA helicase RecG/Transcription-repair-coupling factor
NZ_AQUY01000001.1_orf6057	31f336e85af280d4d6f46ab52281f527	1278	SUPERFAMILY	SSF52540	P-loop containing nucleoside triphosphate hydrolases	858	1066	4.79E-46	T	24-06-2023	IPR027417	P-loop containing nucleoside triphosphate hydrolase
NZ_AQUY01000007.1_orf59131	b6bd1f6828fbaa9e82e88cd96aaf284b	71	TIGRFAM	TIGR00449	tgt_general: tRNA-guanine family transglycosylase	9	66	1.4E-14	T	24-06-2023	IPR002616	tRNA-guanine(15) transglycosylase-like
NZ_AQUY01000007.1_orf59131	b6bd1f6828fbaa9e82e88cd96aaf284b	71	PANTHER	PTHR46064	QUEUINE TRNA-RIBOSYLTRANSFERASE ACCESSORY SUBUNIT 2	10	66	4.0E-12	T	24-06-2023	-	-
NZ_AQUY01000007.1_orf59131	b6bd1f6828fbaa9e82e88cd96aaf284b	71	Gene3D	G3DSA:3.20.20.105	-	5	70	1.3E-18	T	24-06-2023	IPR036511	Queuine tRNA-ribosyltransferase-like
NZ_AQUY01000007.1_orf59131	b6bd1f6828fbaa9e82e88cd96aaf284b	71	Pfam	PF01702	Queuine tRNA-ribosyltransferase	9	66	1.2E-16	T	24-06-2023	IPR002616	tRNA-guanine(15) transglycosylase-like
NZ_AQUY01000007.1_orf59131	b6bd1f6828fbaa9e82e88cd96aaf284b	71	SUPERFAMILY	SSF51713	tRNA-guanine transglycosylase	9	65	8.5E-19	T	24-06-2023	IPR036511	Queuine tRNA-ribosyltransferase-like
NZ_AQUY01000003.1_orf48449	8c69b607978bc014b8c1ba42eae17401	962	Pfam	PF17961	Bacterial Ig domain	87	163	6.1E-9	T	24-06-2023	IPR041171	SDR-like Ig domain
NZ_AQUY01000003.1_orf48449	8c69b607978bc014b8c1ba42eae17401	962	MobiDBLite	mobidb-lite	consensus disorder prediction	837	924	-	T	24-06-2023	-	-
NZ_AQUY01000003.1_orf48449	8c69b607978bc014b8c1ba42eae17401	962	Gene3D	G3DSA:2.60.40.1140	-	500	603	3.1E-7	T	24-06-2023	-	-
NZ_AQUY01000003.1_orf48449	8c69b607978bc014b8c1ba42eae17401	962	MobiDBLite	mobidb-lite	consensus disorder prediction	862	880	-	T	24-06-2023	-	-
NZ_AQUY01000003.1_orf48449	8c69b607978bc014b8c1ba42eae17401	962	MobiDBLite	mobidb-lite	consensus disorder prediction	841	861	-	T	24-06-2023	-	-
NZ_AQUY01000003.1_orf48449	8c69b607978bc014b8c1ba42eae17401	962	MobiDBLite	mobidb-lite	consensus disorder prediction	898	912	-	T	24-06-2023	-	-
NZ_AQUY01000003.1_orf48449	8c69b607978bc014b8c1ba42eae17401	962	SUPERFAMILY	SSF49401	Bacterial adhesins	75	166	1.01E-13	T	24-06-2023	IPR008966	Adhesion domain superfamily
NZ_AQUY01000003.1_orf48449	8c69b607978bc014b8c1ba42eae17401	962	Pfam	PF19407	Domain of unknown function (DUF5979)	619	721	2.0E-11	T	24-06-2023	IPR046022	Domain of unknown function DUF5979
NZ_AQUY01000003.1_orf48449	8c69b607978bc014b8c1ba42eae17401	962	Pfam	PF19407	Domain of unknown function (DUF5979)	735	837	3.6E-14	T	24-06-2023	IPR046022	Domain of unknown function DUF5979
NZ_AQUY01000003.1_orf48449	8c69b607978bc014b8c1ba42eae17401	962	Pfam	PF19407	Domain of unknown function (DUF5979)	503	605	4.6E-14	T	24-06-2023	IPR046022	Domain of unknown function DUF5979
NZ_AQUY01000003.1_orf48449	8c69b607978bc014b8c1ba42eae17401	962	Pfam	PF19407	Domain of unknown function (DUF5979)	377	491	5.0E-11	T	24-06-2023	IPR046022	Domain of unknown function DUF5979
NZ_AQUY01000003.1_orf48449	8c69b607978bc014b8c1ba42eae17401	962	Gene3D	G3DSA:2.60.40.1280	-	59	175	2.4E-14	T	24-06-2023	IPR011252	Fibrogen-binding domain 1
NZ_AQUY01000008.1_orf59178	42aea8f07261c63a793994cccb4d2a39	121	MobiDBLite	mobidb-lite	consensus disorder prediction	36	121	-	T	24-06-2023	-	-
NZ_AQUY01000008.1_orf59178	42aea8f07261c63a793994cccb4d2a39	121	MobiDBLite	mobidb-lite	consensus disorder prediction	51	82	-	T	24-06-2023	-	-
NZ_AQUY01000008.1_orf59178	42aea8f07261c63a793994cccb4d2a39	121	MobiDBLite	mobidb-lite	consensus disorder prediction	86	100	-	T	24-06-2023	-	-
NZ_AQUY01000008.1_orf59179	40d7eb381517b4dc8b9e6e44f200ec04	139	MobiDBLite	mobidb-lite	consensus disorder prediction	61	139	-	T	24-06-2023	-	-
NZ_AQUY01000004.1_orf57133	f8e89a2952f1d6fe273622bc43c34313	1150	Pfam	PF14896	EmbC C-terminal domain	751	1146	3.7E-146	T	24-06-2023	IPR032731	Arabinosyltransferase, C-terminal
NZ_AQUY01000004.1_orf57133	f8e89a2952f1d6fe273622bc43c34313	1150	Gene3D	G3DSA:2.60.120.940	-	791	1011	5.1E-60	T	24-06-2023	IPR042486	Arabinosyltransferase, C-terminal, subdomain 2
NZ_AQUY01000004.1_orf57133	f8e89a2952f1d6fe273622bc43c34313	1150	Pfam	PF04602	Mycobacterial cell wall arabinan synthesis protein	240	711	5.4E-196	T	24-06-2023	IPR007680	Arabinofuranosyltransferase, central domain
NZ_AQUY01000004.1_orf57133	f8e89a2952f1d6fe273622bc43c34313	1150	Gene3D	G3DSA:2.60.120.610	arabinofuranosyltransferase like domain	69	247	4.6E-52	T	24-06-2023	IPR027451	Arabinofuranosyltransferase, domain 1
NZ_AQUY01000004.1_orf57133	f8e89a2952f1d6fe273622bc43c34313	1150	MobiDBLite	mobidb-lite	consensus disorder prediction	1116	1135	-	T	24-06-2023	-	-
NZ_AQUY01000004.1_orf57133	f8e89a2952f1d6fe273622bc43c34313	1150	MobiDBLite	mobidb-lite	consensus disorder prediction	1116	1150	-	T	24-06-2023	-	-
NZ_AQUY01000004.1_orf57133	f8e89a2952f1d6fe273622bc43c34313	1150	Pfam	PF17689	Arabinosyltransferase concanavalin like domain	72	236	7.7E-44	T	24-06-2023	IPR040920	Arabinosyltransferas, concanavalin like domain
NZ_AQUY01000004.1_orf57133	f8e89a2952f1d6fe273622bc43c34313	1150	Gene3D	G3DSA:3.40.190.160	-	1012	1116	6.4E-34	T	24-06-2023	-	-
NZ_AQUY01000004.1_orf57133	f8e89a2952f1d6fe273622bc43c34313	1150	MobiDBLite	mobidb-lite	consensus disorder prediction	183	203	-	T	24-06-2023	-	-
NZ_AQUY01000004.1_orf58660	cb43a606cd513b789a02575e5ffa44c9	969	FunFam	G3DSA:3.40.50.620:FF:000087	Leucine--tRNA ligase	233	314	2.4E-47	T	24-06-2023	-	-
NZ_AQUY01000004.1_orf58660	cb43a606cd513b789a02575e5ffa44c9	969	TIGRFAM	TIGR00396	leuS_bact: leucine--tRNA ligase	232	968	1.5E-218	T	24-06-2023	IPR002302	Leucine-tRNA ligase
NZ_AQUY01000004.1_orf58660	cb43a606cd513b789a02575e5ffa44c9	969	PANTHER	PTHR43740	LEUCYL-TRNA SYNTHETASE	21	967	1.0E-273	T	24-06-2023	IPR002302	Leucine-tRNA ligase
NZ_AQUY01000004.1_orf58660	cb43a606cd513b789a02575e5ffa44c9	969	SUPERFAMILY	SSF52374	Nucleotidylyl transferase	32	784	2.69E-109	T	24-06-2023	-	-
NZ_AQUY01000004.1_orf58660	cb43a606cd513b789a02575e5ffa44c9	969	SUPERFAMILY	SSF50677	ValRS/IleRS/LeuRS editing domain	308	520	1.47E-42	T	24-06-2023	IPR009008	Valyl/Leucyl/Isoleucyl-tRNA synthetase, editing domain
NZ_AQUY01000004.1_orf58660	cb43a606cd513b789a02575e5ffa44c9	969	Gene3D	G3DSA:1.10.730.10	-	718	967	4.3E-79	T	24-06-2023	-	-
NZ_AQUY01000004.1_orf58660	cb43a606cd513b789a02575e5ffa44c9	969	Pfam	PF09334	tRNA synthetases class I (M)	73	178	3.8E-13	T	24-06-2023	IPR015413	Methionyl/Leucyl tRNA synthetase
NZ_AQUY01000004.1_orf58660	cb43a606cd513b789a02575e5ffa44c9	969	FunFam	G3DSA:3.40.50.620:FF:000060	Leucine--tRNA ligase	66	181	5.6E-59	T	24-06-2023	-	-
NZ_AQUY01000004.1_orf58660	cb43a606cd513b789a02575e5ffa44c9	969	Gene3D	G3DSA:3.40.50.620	HUPs	480	704	6.2E-72	T	24-06-2023	IPR014729	Rossmann-like alpha/beta/alpha sandwich fold
NZ_AQUY01000004.1_orf58660	cb43a606cd513b789a02575e5ffa44c9	969	SUPERFAMILY	SSF47323	Anticodon-binding domain of a subclass of class I aminoacyl-tRNA synthetases	779	968	6.54E-30	T	24-06-2023	IPR009080	Aminoacyl-tRNA synthetase, class Ia, anticodon-binding
NZ_AQUY01000004.1_orf58660	cb43a606cd513b789a02575e5ffa44c9	969	FunFam	G3DSA:3.40.50.620:FF:000056	Leucine--tRNA ligase	478	707	4.2E-71	T	24-06-2023	-	-
NZ_AQUY01000004.1_orf58660	cb43a606cd513b789a02575e5ffa44c9	969	Hamap	MF_00049_B	Leucine--tRNA ligase [leuS].	27	967	21.294621	T	24-06-2023	IPR002302	Leucine-tRNA ligase
NZ_AQUY01000004.1_orf58660	cb43a606cd513b789a02575e5ffa44c9	969	ProSitePatterns	PS00178	Aminoacyl-transfer RNA synthetases class-I signature.	78	88	-	T	24-06-2023	IPR001412	Aminoacyl-tRNA synthetase, class I, conserved site
NZ_AQUY01000004.1_orf58660	cb43a606cd513b789a02575e5ffa44c9	969	CDD	cd07958	Anticodon_Ia_Leu_BEm	775	884	5.78482E-35	T	24-06-2023	-	-
NZ_AQUY01000004.1_orf58660	cb43a606cd513b789a02575e5ffa44c9	969	PRINTS	PR00985	Leucyl-tRNA synthetase signature	271	284	8.9E-53	T	24-06-2023	IPR002302	Leucine-tRNA ligase
NZ_AQUY01000004.1_orf58660	cb43a606cd513b789a02575e5ffa44c9	969	PRINTS	PR00985	Leucyl-tRNA synthetase signature	601	619	8.9E-53	T	24-06-2023	IPR002302	Leucine-tRNA ligase
NZ_AQUY01000004.1_orf58660	cb43a606cd513b789a02575e5ffa44c9	969	PRINTS	PR00985	Leucyl-tRNA synthetase signature	238	254	8.9E-53	T	24-06-2023	IPR002302	Leucine-tRNA ligase
NZ_AQUY01000004.1_orf58660	cb43a606cd513b789a02575e5ffa44c9	969	PRINTS	PR00985	Leucyl-tRNA synthetase signature	162	179	8.9E-53	T	24-06-2023	IPR002302	Leucine-tRNA ligase
NZ_AQUY01000004.1_orf58660	cb43a606cd513b789a02575e5ffa44c9	969	PRINTS	PR00985	Leucyl-tRNA synthetase signature	300	319	8.9E-53	T	24-06-2023	IPR002302	Leucine-tRNA ligase
NZ_AQUY01000004.1_orf58660	cb43a606cd513b789a02575e5ffa44c9	969	PRINTS	PR00985	Leucyl-tRNA synthetase signature	653	675	8.9E-53	T	24-06-2023	IPR002302	Leucine-tRNA ligase
NZ_AQUY01000004.1_orf58660	cb43a606cd513b789a02575e5ffa44c9	969	PRINTS	PR00985	Leucyl-tRNA synthetase signature	686	696	8.9E-53	T	24-06-2023	IPR002302	Leucine-tRNA ligase
NZ_AQUY01000004.1_orf58660	cb43a606cd513b789a02575e5ffa44c9	969	Gene3D	G3DSA:3.40.50.620	HUPs	220	328	6.2E-29	T	24-06-2023	IPR014729	Rossmann-like alpha/beta/alpha sandwich fold
NZ_AQUY01000004.1_orf58660	cb43a606cd513b789a02575e5ffa44c9	969	Gene3D	G3DSA:3.40.50.620	HUPs	66	190	1.7E-39	T	24-06-2023	IPR014729	Rossmann-like alpha/beta/alpha sandwich fold
NZ_AQUY01000004.1_orf58660	cb43a606cd513b789a02575e5ffa44c9	969	FunFam	G3DSA:1.10.730.10:FF:000011	Leucine--tRNA ligase chloroplastic/mitochondrial	719	967	3.6E-77	T	24-06-2023	-	-
NZ_AQUY01000004.1_orf58660	cb43a606cd513b789a02575e5ffa44c9	969	Pfam	PF08264	Anticodon-binding domain of tRNA ligase	817	929	6.5E-15	T	24-06-2023	IPR013155	Methionyl/Valyl/Leucyl/Isoleucyl-tRNA synthetase, anticodon-binding
NZ_AQUY01000004.1_orf58660	cb43a606cd513b789a02575e5ffa44c9	969	Pfam	PF13603	Leucyl-tRNA synthetase, Domain 2	306	501	1.5E-53	T	24-06-2023	IPR025709	Leucyl-tRNA synthetase, editing domain
NZ_AQUY01000002.1_orf32338	30e8b66c4bb67527198082865dc4869a	1995	MobiDBLite	mobidb-lite	consensus disorder prediction	1239	1258	-	T	24-06-2023	-	-
NZ_AQUY01000002.1_orf32338	30e8b66c4bb67527198082865dc4869a	1995	Pfam	PF20155	Tape measure protein	89	262	1.8E-20	T	24-06-2023	IPR013491	Tape measure protein N-terminal
NZ_AQUY01000002.1_orf32338	30e8b66c4bb67527198082865dc4869a	1995	Coils	Coil	Coil	1462	1482	-	T	24-06-2023	-	-
NZ_AQUY01000002.1_orf32338	30e8b66c4bb67527198082865dc4869a	1995	Coils	Coil	Coil	1491	1518	-	T	24-06-2023	-	-
NZ_AQUY01000002.1_orf32338	30e8b66c4bb67527198082865dc4869a	1995	TIGRFAM	TIGR02675	tape_meas_nterm: tape measure domain	169	229	1.7E-6	T	24-06-2023	IPR013491	Tape measure protein N-terminal
NZ_AQUY01000002.1_orf32338	30e8b66c4bb67527198082865dc4869a	1995	Coils	Coil	Coil	1852	1879	-	T	24-06-2023	-	-
NZ_AQUY01000002.1_orf32338	30e8b66c4bb67527198082865dc4869a	1995	Gene3D	G3DSA:1.20.120.20	Apolipoprotein	765	874	5.5E-6	T	24-06-2023	-	-
NZ_AQUY01000002.1_orf32338	30e8b66c4bb67527198082865dc4869a	1995	Gene3D	G3DSA:1.20.120.20	Apolipoprotein	645	764	3.9E-9	T	24-06-2023	-	-
NZ_AQUY01000002.1_orf32338	30e8b66c4bb67527198082865dc4869a	1995	Coils	Coil	Coil	1399	1426	-	T	24-06-2023	-	-
NZ_AQUY01000001.1_orf22545	0cd95dade7c23772ae3196b87662d8b5	1257	Pfam	PF16078	2-oxoglutarate dehydrogenase N-terminus	19	50	5.9E-14	T	24-06-2023	IPR032106	2-oxoglutarate dehydrogenase E1 component, N-terminal domain
NZ_AQUY01000001.1_orf22545	0cd95dade7c23772ae3196b87662d8b5	1257	MobiDBLite	mobidb-lite	consensus disorder prediction	70	90	-	T	24-06-2023	-	-
NZ_AQUY01000001.1_orf22545	0cd95dade7c23772ae3196b87662d8b5	1257	Pfam	PF00198	2-oxoacid dehydrogenases acyltransferase (catalytic domain)	132	364	2.0E-50	T	24-06-2023	IPR001078	2-oxoacid dehydrogenase acyltransferase, catalytic domain
NZ_AQUY01000001.1_orf22545	0cd95dade7c23772ae3196b87662d8b5	1257	SUPERFAMILY	SSF52777	CoA-dependent acyltransferases	124	367	7.56E-50	T	24-06-2023	-	-
NZ_AQUY01000001.1_orf22545	0cd95dade7c23772ae3196b87662d8b5	1257	MobiDBLite	mobidb-lite	consensus disorder prediction	845	859	-	T	24-06-2023	-	-
NZ_AQUY01000001.1_orf22545	0cd95dade7c23772ae3196b87662d8b5	1257	MobiDBLite	mobidb-lite	consensus disorder prediction	49	132	-	T	24-06-2023	-	-
NZ_AQUY01000001.1_orf22545	0cd95dade7c23772ae3196b87662d8b5	1257	Pfam	PF16870	2-oxoglutarate dehydrogenase C-terminal	1105	1255	9.7E-42	T	24-06-2023	IPR031717	Multifunctional 2-oxoglutarate metabolism enzyme, C-terminal
NZ_AQUY01000001.1_orf22545	0cd95dade7c23772ae3196b87662d8b5	1257	Pfam	PF00676	Dehydrogenase E1 component	519	840	7.6E-57	T	24-06-2023	IPR001017	Dehydrogenase, E1 component
NZ_AQUY01000001.1_orf22545	0cd95dade7c23772ae3196b87662d8b5	1257	Gene3D	G3DSA:1.10.287.1150	TPP helical domain	392	477	1.4E-25	T	24-06-2023	-	-
NZ_AQUY01000001.1_orf22545	0cd95dade7c23772ae3196b87662d8b5	1257	SUPERFAMILY	SSF52518	Thiamin diphosphate-binding fold (THDP-binding)	435	841	1.33E-85	T	24-06-2023	IPR029061	Thiamin diphosphate-binding fold
NZ_AQUY01000001.1_orf22545	0cd95dade7c23772ae3196b87662d8b5	1257	Pfam	PF02779	Transketolase, pyrimidine binding domain	906	1100	1.2E-52	T	24-06-2023	IPR005475	Transketolase-like, pyrimidine-binding domain
NZ_AQUY01000001.1_orf22545	0cd95dade7c23772ae3196b87662d8b5	1257	Gene3D	G3DSA:3.40.50.11610	-	1037	1253	4.7E-157	T	24-06-2023	IPR042179	Multifunctional 2-oxoglutarate metabolism enzyme, C-terminal domain superfamily
NZ_AQUY01000001.1_orf22545	0cd95dade7c23772ae3196b87662d8b5	1257	Gene3D	G3DSA:3.40.50.12470	-	869	1117	4.7E-157	T	24-06-2023	-	-
NZ_AQUY01000001.1_orf22545	0cd95dade7c23772ae3196b87662d8b5	1257	Gene3D	G3DSA:3.30.559.10	-	115	367	5.5E-53	T	24-06-2023	IPR023213	Chloramphenicol acetyltransferase-like domain superfamily
NZ_AQUY01000001.1_orf22545	0cd95dade7c23772ae3196b87662d8b5	1257	MobiDBLite	mobidb-lite	consensus disorder prediction	838	859	-	T	24-06-2023	-	-
NZ_AQUY01000001.1_orf22545	0cd95dade7c23772ae3196b87662d8b5	1257	Gene3D	G3DSA:3.40.50.970	-	479	845	1.0E-153	T	24-06-2023	-	-
NZ_AQUY01000001.1_orf22545	0cd95dade7c23772ae3196b87662d8b5	1257	CDD	cd02016	TPP_E1_OGDC_like	525	790	1.12232E-160	T	24-06-2023	-	-
NZ_AQUY01000001.1_orf22545	0cd95dade7c23772ae3196b87662d8b5	1257	MobiDBLite	mobidb-lite	consensus disorder prediction	100	132	-	T	24-06-2023	-	-
NZ_AQUY01000001.1_orf22545	0cd95dade7c23772ae3196b87662d8b5	1257	SMART	SM00861	Transket_pyr_3	906	1100	7.6E-45	T	24-06-2023	IPR005475	Transketolase-like, pyrimidine-binding domain
NZ_AQUY01000001.1_orf22545	0cd95dade7c23772ae3196b87662d8b5	1257	PANTHER	PTHR23152	2-OXOGLUTARATE DEHYDROGENASE	17	1255	0.0	T	24-06-2023	IPR011603	2-oxoglutarate dehydrogenase E1 component
NZ_AQUY01000001.1_orf22545	0cd95dade7c23772ae3196b87662d8b5	1257	SUPERFAMILY	SSF52518	Thiamin diphosphate-binding fold (THDP-binding)	896	1107	1.96E-42	T	24-06-2023	IPR029061	Thiamin diphosphate-binding fold
NZ_AQUY01000001.1_orf22545	0cd95dade7c23772ae3196b87662d8b5	1257	TIGRFAM	TIGR00239	2oxo_dh_E1: oxoglutarate dehydrogenase (succinyl-transferring), E1 component	397	1254	1.8E-297	T	24-06-2023	IPR011603	2-oxoglutarate dehydrogenase E1 component
NZ_AQUY01000004.1_orf57624	333372e83eebf66e9f3a74c111a84988	3072	Pfam	PF08354	Domain of unknown function (DUF1729)	537	866	2.6E-115	T	24-06-2023	IPR013565	Fatty acid synthase beta subunit AflB /Fas1-like, central domain
NZ_AQUY01000004.1_orf57624	333372e83eebf66e9f3a74c111a84988	3072	Gene3D	G3DSA:3.30.70.2430	-	1467	1522	1.4E-17	T	24-06-2023	-	-
NZ_AQUY01000004.1_orf57624	333372e83eebf66e9f3a74c111a84988	3072	SUPERFAMILY	SSF53901	Thiolase-like	2586	2810	4.32E-27	T	24-06-2023	IPR016039	Thiolase-like
NZ_AQUY01000004.1_orf57624	333372e83eebf66e9f3a74c111a84988	3072	SMART	SM00827	Acyl transferase domain in polyketide synthase (PKS) enzymes.	1318	1701	9.9E-7	T	24-06-2023	IPR014043	Acyl transferase
NZ_AQUY01000004.1_orf57624	333372e83eebf66e9f3a74c111a84988	3072	PRINTS	PR01483	Fatty acid synthase signature	1409	1428	7.2E-96	T	24-06-2023	IPR003965	Fatty acid synthase
NZ_AQUY01000004.1_orf57624	333372e83eebf66e9f3a74c111a84988	3072	PRINTS	PR01483	Fatty acid synthase signature	1445	1466	7.2E-96	T	24-06-2023	IPR003965	Fatty acid synthase
NZ_AQUY01000004.1_orf57624	333372e83eebf66e9f3a74c111a84988	3072	PRINTS	PR01483	Fatty acid synthase signature	1200	1222	7.2E-96	T	24-06-2023	IPR003965	Fatty acid synthase
NZ_AQUY01000004.1_orf57624	333372e83eebf66e9f3a74c111a84988	3072	PRINTS	PR01483	Fatty acid synthase signature	1307	1326	7.2E-96	T	24-06-2023	IPR003965	Fatty acid synthase
NZ_AQUY01000004.1_orf57624	333372e83eebf66e9f3a74c111a84988	3072	PRINTS	PR01483	Fatty acid synthase signature	412	430	7.2E-96	T	24-06-2023	IPR003965	Fatty acid synthase
NZ_AQUY01000004.1_orf57624	333372e83eebf66e9f3a74c111a84988	3072	PRINTS	PR01483	Fatty acid synthase signature	386	406	7.2E-96	T	24-06-2023	IPR003965	Fatty acid synthase
NZ_AQUY01000004.1_orf57624	333372e83eebf66e9f3a74c111a84988	3072	PRINTS	PR01483	Fatty acid synthase signature	711	729	7.2E-96	T	24-06-2023	IPR003965	Fatty acid synthase
NZ_AQUY01000004.1_orf57624	333372e83eebf66e9f3a74c111a84988	3072	PRINTS	PR01483	Fatty acid synthase signature	1222	1243	7.2E-96	T	24-06-2023	IPR003965	Fatty acid synthase
NZ_AQUY01000004.1_orf57624	333372e83eebf66e9f3a74c111a84988	3072	PRINTS	PR01483	Fatty acid synthase signature	536	555	7.2E-96	T	24-06-2023	IPR003965	Fatty acid synthase
NZ_AQUY01000004.1_orf57624	333372e83eebf66e9f3a74c111a84988	3072	PRINTS	PR01483	Fatty acid synthase signature	1328	1351	7.2E-96	T	24-06-2023	IPR003965	Fatty acid synthase
NZ_AQUY01000004.1_orf57624	333372e83eebf66e9f3a74c111a84988	3072	PRINTS	PR01483	Fatty acid synthase signature	808	832	7.2E-96	T	24-06-2023	IPR003965	Fatty acid synthase
NZ_AQUY01000004.1_orf57624	333372e83eebf66e9f3a74c111a84988	3072	SUPERFAMILY	SSF52151	FabD/lysophospholipase-like	32	344	2.2E-20	T	24-06-2023	IPR016035	Acyl transferase/acyl hydrolase/lysophospholipase
NZ_AQUY01000004.1_orf57624	333372e83eebf66e9f3a74c111a84988	3072	SUPERFAMILY	SSF53901	Thiolase-like	2774	2983	1.51E-31	T	24-06-2023	IPR016039	Thiolase-like
NZ_AQUY01000004.1_orf57624	333372e83eebf66e9f3a74c111a84988	3072	Gene3D	G3DSA:3.10.129.10	Hotdog Thioesterase	1016	1311	2.6E-48	T	24-06-2023	-	-
NZ_AQUY01000004.1_orf57624	333372e83eebf66e9f3a74c111a84988	3072	CDD	cd00828	elong_cond_enzymes	2557	2981	4.80146E-83	T	24-06-2023	IPR047224	Fatty acid synthase subunit alpha-like, C-terminal
NZ_AQUY01000004.1_orf57624	333372e83eebf66e9f3a74c111a84988	3072	SUPERFAMILY	SSF54637	Thioesterase/thiol ester dehydrase-isomerase	1197	1309	1.99E-17	T	24-06-2023	IPR029069	HotDog domain superfamily
NZ_AQUY01000004.1_orf57624	333372e83eebf66e9f3a74c111a84988	3072	Pfam	PF00698	Acyl transferase domain	1317	1515	1.0E-34	T	24-06-2023	IPR014043	Acyl transferase
NZ_AQUY01000004.1_orf57624	333372e83eebf66e9f3a74c111a84988	3072	Gene3D	G3DSA:3.40.366.10	-	257	356	8.7E-15	T	24-06-2023	IPR001227	Acyl transferase domain superfamily
NZ_AQUY01000004.1_orf57624	333372e83eebf66e9f3a74c111a84988	3072	SUPERFAMILY	SSF52151	FabD/lysophospholipase-like	1315	1683	1.15E-33	T	24-06-2023	IPR016035	Acyl transferase/acyl hydrolase/lysophospholipase
NZ_AQUY01000004.1_orf57624	333372e83eebf66e9f3a74c111a84988	3072	Gene3D	G3DSA:6.10.140.1400	-	1584	1619	2.9E-6	T	24-06-2023	-	-
NZ_AQUY01000004.1_orf57624	333372e83eebf66e9f3a74c111a84988	3072	SUPERFAMILY	SSF51735	NAD(P)-binding Rossmann-fold domains	2117	2360	7.92E-9	T	24-06-2023	IPR036291	NAD(P)-binding domain superfamily
NZ_AQUY01000004.1_orf57624	333372e83eebf66e9f3a74c111a84988	3072	Pfam	PF18094	DNA polymerase beta N-terminal domain	901	1001	2.0E-24	T	24-06-2023	-	-
NZ_AQUY01000004.1_orf57624	333372e83eebf66e9f3a74c111a84988	3072	Gene3D	G3DSA:3.40.50.720	-	2084	2380	1.8E-91	T	24-06-2023	-	-
NZ_AQUY01000004.1_orf57624	333372e83eebf66e9f3a74c111a84988	3072	SUPERFAMILY	SSF55048	Probable ACP-binding domain of malonyl-CoA ACP transacylase	184	235	5.49E-6	T	24-06-2023	IPR016036	Malonyl-CoA ACP transacylase, ACP-binding
NZ_AQUY01000004.1_orf57624	333372e83eebf66e9f3a74c111a84988	3072	Gene3D	G3DSA:3.40.366.10	-	1313	1466	5.6E-26	T	24-06-2023	IPR001227	Acyl transferase domain superfamily
NZ_AQUY01000004.1_orf57624	333372e83eebf66e9f3a74c111a84988	3072	Pfam	PF16073	Starter unit:ACP transacylase in aflatoxin biosynthesis	34	241	1.5E-7	T	24-06-2023	IPR032088	Starter unit:ACP transacylase
NZ_AQUY01000004.1_orf57624	333372e83eebf66e9f3a74c111a84988	3072	Gene3D	G3DSA:3.40.366.10	-	23	248	2.6E-14	T	24-06-2023	IPR001227	Acyl transferase domain superfamily
NZ_AQUY01000004.1_orf57624	333372e83eebf66e9f3a74c111a84988	3072	Gene3D	G3DSA:1.20.930.70	-	703	816	8.1E-30	T	24-06-2023	-	-
NZ_AQUY01000004.1_orf57624	333372e83eebf66e9f3a74c111a84988	3072	Gene3D	G3DSA:3.90.25.70	-	1620	1715	5.3E-25	T	24-06-2023	-	-
NZ_AQUY01000004.1_orf57624	333372e83eebf66e9f3a74c111a84988	3072	PANTHER	PTHR10982	MALONYL COA-ACYL CARRIER PROTEIN TRANSACYLASE	2095	3061	0.0	T	24-06-2023	-	-
NZ_AQUY01000004.1_orf57624	333372e83eebf66e9f3a74c111a84988	3072	Gene3D	G3DSA:3.40.47.10	-	2396	3067	3.9E-117	T	24-06-2023	IPR016039	Thiolase-like
NZ_AQUY01000004.1_orf57624	333372e83eebf66e9f3a74c111a84988	3072	Pfam	PF01575	MaoC like domain	1193	1284	1.0E-17	T	24-06-2023	IPR002539	MaoC-like dehydratase domain
NZ_AQUY01000004.1_orf57624	333372e83eebf66e9f3a74c111a84988	3072	SUPERFAMILY	SSF51412	Inosine monophosphate dehydrogenase (IMPDH)	372	640	1.88E-13	T	24-06-2023	-	-
NZ_AQUY01000004.1_orf57624	333372e83eebf66e9f3a74c111a84988	3072	FunFam	G3DSA:3.40.366.10:FF:000009	Fatty acid synthase Fas	1313	1468	2.8E-65	T	24-06-2023	-	-
NZ_AQUY01000004.1_orf57624	333372e83eebf66e9f3a74c111a84988	3072	ProSitePatterns	PS00606	Beta-ketoacyl synthases active site.	2706	2722	-	T	24-06-2023	IPR018201	Beta-ketoacyl synthase, active site
NZ_AQUY01000004.1_orf57624	333372e83eebf66e9f3a74c111a84988	3072	MobiDBLite	mobidb-lite	consensus disorder prediction	1728	1769	-	T	24-06-2023	-	-
NZ_AQUY01000004.1_orf57624	333372e83eebf66e9f3a74c111a84988	3072	Gene3D	G3DSA:3.20.20.70	Aldolase class I	366	641	4.7E-103	T	24-06-2023	IPR013785	Aldolase-type TIM barrel
NZ_AQUY01000004.1_orf57624	333372e83eebf66e9f3a74c111a84988	3072	Pfam	PF02801	Beta-ketoacyl synthase, C-terminal domain	2811	2936	1.3E-19	T	24-06-2023	IPR014031	Beta-ketoacyl synthase, C-terminal
NZ_AQUY01000004.1_orf57624	333372e83eebf66e9f3a74c111a84988	3072	Pfam	PF00109	Beta-ketoacyl synthase, N-terminal domain	2573	2802	4.1E-26	T	24-06-2023	IPR014030	Beta-ketoacyl synthase, N-terminal
NZ_AQUY01000003.1_orf48387	6f86cb9457f066e625e300ae75657b07	1319	SMART	SM00823	Phosphopantetheine attachment site	530	598	8.1E-4	T	24-06-2023	IPR020806	Polyketide synthase, phosphopantetheine-binding domain
NZ_AQUY01000003.1_orf48387	6f86cb9457f066e625e300ae75657b07	1319	Pfam	PF00550	Phosphopantetheine attachment site	533	594	4.6E-12	T	24-06-2023	IPR009081	Phosphopantetheine binding ACP domain
NZ_AQUY01000003.1_orf48387	6f86cb9457f066e625e300ae75657b07	1319	Pfam	PF14602	Hexapeptide repeat of succinyl-transferase	790	823	8.3E-5	T	24-06-2023	IPR001451	Hexapeptide repeat
NZ_AQUY01000003.1_orf48387	6f86cb9457f066e625e300ae75657b07	1319	PANTHER	PTHR45527	NONRIBOSOMAL PEPTIDE SYNTHETASE	18	605	4.4E-139	T	24-06-2023	-	-
NZ_AQUY01000003.1_orf48387	6f86cb9457f066e625e300ae75657b07	1319	SUPERFAMILY	SSF56801	Acetyl-CoA synthetase-like	19	542	5.49E-113	T	24-06-2023	-	-
NZ_AQUY01000003.1_orf48387	6f86cb9457f066e625e300ae75657b07	1319	TIGRFAM	TIGR02353	NRPS_term_dom: non-ribosomal peptide synthetase terminal domain of unknown function	627	1314	5.4E-221	T	24-06-2023	IPR012728	Non-ribosomal peptide synthetase, C-terminal
NZ_AQUY01000003.1_orf48387	6f86cb9457f066e625e300ae75657b07	1319	Gene3D	G3DSA:2.160.10.10	Hexapeptide repeat proteins	1211	1319	2.0E-8	T	24-06-2023	-	-
NZ_AQUY01000003.1_orf48387	6f86cb9457f066e625e300ae75657b07	1319	CDD	cd05930	A_NRPS	35	509	8.55538E-138	T	24-06-2023	-	-
NZ_AQUY01000003.1_orf48387	6f86cb9457f066e625e300ae75657b07	1319	TIGRFAM	TIGR01733	AA-adenyl-dom: amino acid adenylation domain	48	442	2.2E-98	T	24-06-2023	IPR010071	Amino acid adenylation domain
NZ_AQUY01000003.1_orf48387	6f86cb9457f066e625e300ae75657b07	1319	Gene3D	G3DSA:2.160.10.10	Hexapeptide repeat proteins	733	852	4.3E-15	T	24-06-2023	-	-
NZ_AQUY01000003.1_orf48387	6f86cb9457f066e625e300ae75657b07	1319	SUPERFAMILY	SSF51161	Trimeric LpxA-like enzymes	1214	1314	3.6E-13	T	24-06-2023	IPR011004	Trimeric LpxA-like superfamily
NZ_AQUY01000003.1_orf48387	6f86cb9457f066e625e300ae75657b07	1319	Gene3D	G3DSA:1.10.1200.10	-	513	599	3.7E-17	T	24-06-2023	IPR036736	ACP-like superfamily
NZ_AQUY01000003.1_orf48387	6f86cb9457f066e625e300ae75657b07	1319	SUPERFAMILY	SSF51161	Trimeric LpxA-like enzymes	730	845	4.57E-20	T	24-06-2023	IPR011004	Trimeric LpxA-like superfamily
NZ_AQUY01000003.1_orf48387	6f86cb9457f066e625e300ae75657b07	1319	Gene3D	G3DSA:3.30.300.30	-	412	512	6.4E-23	T	24-06-2023	IPR045851	AMP-binding enzyme, C-terminal domain superfamily
NZ_AQUY01000003.1_orf48387	6f86cb9457f066e625e300ae75657b07	1319	SUPERFAMILY	SSF47336	ACP-like	526	595	2.02E-12	T	24-06-2023	IPR036736	ACP-like superfamily
NZ_AQUY01000003.1_orf48387	6f86cb9457f066e625e300ae75657b07	1319	ProSitePatterns	PS00455	Putative AMP-binding domain signature.	159	170	-	T	24-06-2023	IPR020845	AMP-binding, conserved site
NZ_AQUY01000003.1_orf48387	6f86cb9457f066e625e300ae75657b07	1319	ProSiteProfiles	PS50075	Carrier protein (CP) domain profile.	524	598	12.315974	T	24-06-2023	IPR009081	Phosphopantetheine binding ACP domain
NZ_AQUY01000003.1_orf48387	6f86cb9457f066e625e300ae75657b07	1319	SUPERFAMILY	SSF51161	Trimeric LpxA-like enzymes	903	1080	1.8E-16	T	24-06-2023	IPR011004	Trimeric LpxA-like superfamily
NZ_AQUY01000003.1_orf48387	6f86cb9457f066e625e300ae75657b07	1319	Pfam	PF00501	AMP-binding enzyme	32	417	1.4E-65	T	24-06-2023	IPR000873	AMP-dependent synthetase/ligase domain
NZ_AQUY01000003.1_orf48387	6f86cb9457f066e625e300ae75657b07	1319	Gene3D	G3DSA:3.40.50.12780	-	21	411	4.3E-87	T	24-06-2023	IPR042099	ANL, N-terminal domain
NZ_AQUY01000003.1_orf48387	6f86cb9457f066e625e300ae75657b07	1319	MobiDBLite	mobidb-lite	consensus disorder prediction	832	851	-	T	24-06-2023	-	-
NZ_AQUY01000003.1_orf51801	34658c34bc30ab7c7bbe609cf804107c	1082	SUPERFAMILY	SSF53300	vWA-like	468	668	1.06E-15	T	24-06-2023	IPR036465	von Willebrand factor A-like domain superfamily
NZ_AQUY01000003.1_orf51801	34658c34bc30ab7c7bbe609cf804107c	1082	CDD	cd00198	vWFA	498	667	2.4511E-7	T	24-06-2023	-	-
NZ_AQUY01000003.1_orf51801	34658c34bc30ab7c7bbe609cf804107c	1082	Gene3D	G3DSA:2.60.40.10	Immunoglobulins	907	1005	4.7E-11	T	24-06-2023	IPR013783	Immunoglobulin-like fold
NZ_AQUY01000003.1_orf51801	34658c34bc30ab7c7bbe609cf804107c	1082	Gene3D	G3DSA:3.40.50.410	von Willebrand factor, type A domain	498	782	8.4E-14	T	24-06-2023	IPR036465	von Willebrand factor A-like domain superfamily
NZ_AQUY01000003.1_orf51801	34658c34bc30ab7c7bbe609cf804107c	1082	ProSiteProfiles	PS50234	VWFA domain profile.	497	668	9.847823	T	24-06-2023	IPR002035	von Willebrand factor, type A
NZ_AQUY01000003.1_orf51801	34658c34bc30ab7c7bbe609cf804107c	1082	MobiDBLite	mobidb-lite	consensus disorder prediction	108	152	-	T	24-06-2023	-	-
NZ_AQUY01000003.1_orf51801	34658c34bc30ab7c7bbe609cf804107c	1082	Pfam	PF17802	Prealbumin-like fold domain	929	998	3.7E-8	T	24-06-2023	IPR041033	Prealbumin-like fold domain
NZ_AQUY01000006.1_orf59073	0df080b0e4d00376614246a52f32781e	108	MobiDBLite	mobidb-lite	consensus disorder prediction	94	108	-	T	24-06-2023	-	-
NZ_AQUY01000006.1_orf59073	0df080b0e4d00376614246a52f32781e	108	MobiDBLite	mobidb-lite	consensus disorder prediction	68	108	-	T	24-06-2023	-	-
NZ_AQUY01000005.1_orf59049	92a198b82e6bbeb8fa2dcaa0130644cb	145	MobiDBLite	mobidb-lite	consensus disorder prediction	27	48	-	T	24-06-2023	-	-
NZ_AQUY01000005.1_orf59049	92a198b82e6bbeb8fa2dcaa0130644cb	145	MobiDBLite	mobidb-lite	consensus disorder prediction	126	145	-	T	24-06-2023	-	-
NZ_AQUY01000005.1_orf59049	92a198b82e6bbeb8fa2dcaa0130644cb	145	MobiDBLite	mobidb-lite	consensus disorder prediction	27	55	-	T	24-06-2023	-	-
NZ_AQUY01000001.1_orf2285	c507f3b8f6848ed8b7e03546fabcae40	1359	Coils	Coil	Coil	154	181	-	T	24-06-2023	-	-
NZ_AQUY01000001.1_orf2285	c507f3b8f6848ed8b7e03546fabcae40	1359	FunFam	G3DSA:1.10.40.90:FF:000001	DNA-directed RNA polymerase subunit beta	463	504	3.5E-23	T	24-06-2023	-	-
NZ_AQUY01000001.1_orf2285	c507f3b8f6848ed8b7e03546fabcae40	1359	TIGRFAM	TIGR02386	rpoC_TIGR: DNA-directed RNA polymerase, beta' subunit	26	1310	0.0	T	24-06-2023	IPR012754	DNA-directed RNA polymerase, subunit beta-prime, bacterial type
NZ_AQUY01000001.1_orf2285	c507f3b8f6848ed8b7e03546fabcae40	1359	CDD	cd02655	RNAP_beta'_C	1027	1306	2.70058E-92	T	24-06-2023	-	-
NZ_AQUY01000001.1_orf2285	c507f3b8f6848ed8b7e03546fabcae40	1359	SMART	SM00663	rpolaneu7	326	605	1.2E-172	T	24-06-2023	IPR006592	RNA polymerase, N-terminal
NZ_AQUY01000001.1_orf2285	c507f3b8f6848ed8b7e03546fabcae40	1359	Gene3D	G3DSA:1.10.150.390	-	1259	1320	1.5E-26	T	24-06-2023	-	-
NZ_AQUY01000001.1_orf2285	c507f3b8f6848ed8b7e03546fabcae40	1359	Gene3D	G3DSA:1.10.40.90	-	461	504	2.1E-19	T	24-06-2023	-	-
NZ_AQUY01000001.1_orf2285	c507f3b8f6848ed8b7e03546fabcae40	1359	Pfam	PF00623	RNA polymerase Rpb1, domain 2	435	487	2.6E-8	T	24-06-2023	IPR000722	RNA polymerase, alpha subunit
NZ_AQUY01000001.1_orf2285	c507f3b8f6848ed8b7e03546fabcae40	1359	Pfam	PF00623	RNA polymerase Rpb1, domain 2	479	576	6.5E-28	T	24-06-2023	IPR000722	RNA polymerase, alpha subunit
NZ_AQUY01000001.1_orf2285	c507f3b8f6848ed8b7e03546fabcae40	1359	Gene3D	G3DSA:2.40.40.20	-	423	577	9.3E-47	T	24-06-2023	-	-
NZ_AQUY01000001.1_orf2285	c507f3b8f6848ed8b7e03546fabcae40	1359	Pfam	PF04998	RNA polymerase Rpb1, domain 5	877	1258	6.8E-59	T	24-06-2023	IPR007081	RNA polymerase Rpb1, domain 5
NZ_AQUY01000001.1_orf2285	c507f3b8f6848ed8b7e03546fabcae40	1359	Gene3D	G3DSA:4.10.860.120	RNA polymerase II, clamp domain	13	134	4.3E-24	T	24-06-2023	IPR044893	RNA polymerase Rpb1, clamp domain superfamily
NZ_AQUY01000001.1_orf2285	c507f3b8f6848ed8b7e03546fabcae40	1359	Gene3D	G3DSA:1.10.1790.20	-	1065	1257	3.4E-55	T	24-06-2023	-	-
NZ_AQUY01000001.1_orf2285	c507f3b8f6848ed8b7e03546fabcae40	1359	CDD	cd01609	RNAP_beta'_N	21	924	0.0	T	24-06-2023	-	-
NZ_AQUY01000001.1_orf2285	c507f3b8f6848ed8b7e03546fabcae40	1359	Gene3D	G3DSA:1.10.274.100	RNA polymerase Rpb1, domain 3	580	766	5.4E-28	T	24-06-2023	IPR042102	RNA polymerase Rpb1, domain 3 superfamily
NZ_AQUY01000001.1_orf2285	c507f3b8f6848ed8b7e03546fabcae40	1359	Pfam	PF04983	RNA polymerase Rpb1, domain 3	580	770	4.5E-21	T	24-06-2023	IPR007066	RNA polymerase Rpb1, domain 3
NZ_AQUY01000001.1_orf2285	c507f3b8f6848ed8b7e03546fabcae40	1359	Pfam	PF04997	RNA polymerase Rpb1, domain 1	22	433	9.0E-82	T	24-06-2023	IPR007080	RNA polymerase Rpb1, domain 1
NZ_AQUY01000001.1_orf2285	c507f3b8f6848ed8b7e03546fabcae40	1359	FunFam	G3DSA:1.10.150.390:FF:000002	DNA-directed RNA polymerase subunit beta''	1259	1320	9.6E-32	T	24-06-2023	-	-
NZ_AQUY01000001.1_orf2285	c507f3b8f6848ed8b7e03546fabcae40	1359	Coils	Coil	Coil	183	210	-	T	24-06-2023	-	-
NZ_AQUY01000001.1_orf2285	c507f3b8f6848ed8b7e03546fabcae40	1359	FunFam	G3DSA:4.10.860.120:FF:000001	DNA-directed RNA polymerase subunit beta	18	138	6.3E-72	T	24-06-2023	-	-
NZ_AQUY01000001.1_orf2285	c507f3b8f6848ed8b7e03546fabcae40	1359	Gene3D	G3DSA:1.10.132.30	-	767	901	1.3E-40	T	24-06-2023	IPR038120	RNA polymerase Rpb1, funnel domain superfamily
NZ_AQUY01000001.1_orf2285	c507f3b8f6848ed8b7e03546fabcae40	1359	Hamap	MF_01322	DNA-directed RNA polymerase subunit beta' [rpoC].	20	1320	16.989468	T	24-06-2023	IPR012754	DNA-directed RNA polymerase, subunit beta-prime, bacterial type
NZ_AQUY01000001.1_orf2285	c507f3b8f6848ed8b7e03546fabcae40	1359	PANTHER	PTHR19376	DNA-DIRECTED RNA POLYMERASE	28	1060	5.0E-233	T	24-06-2023	IPR045867	DNA-directed RNA polymerase, subunit beta-prime
NZ_AQUY01000001.1_orf2285	c507f3b8f6848ed8b7e03546fabcae40	1359	SUPERFAMILY	SSF64484	beta and beta-prime subunits of DNA dependent RNA-polymerase	21	1310	0.0	T	24-06-2023	-	-
NZ_AQUY01000001.1_orf2285	c507f3b8f6848ed8b7e03546fabcae40	1359	Gene3D	G3DSA:2.40.50.100	-	1081	1158	3.4E-55	T	24-06-2023	-	-
NZ_AQUY01000008.1_orf59183	45720619a94a8dfcb286e78d76c65bed	74	MobiDBLite	mobidb-lite	consensus disorder prediction	54	74	-	T	24-06-2023	-	-
NZ_AQUY01000008.1_orf59177	928193a5eb8d4eab2612973fbdb33b87	139	MobiDBLite	mobidb-lite	consensus disorder prediction	118	139	-	T	24-06-2023	-	-
NZ_AQUY01000005.1_orf59039	d3f45347fbbb6de66baf1dca453ce8e1	104	MobiDBLite	mobidb-lite	consensus disorder prediction	32	57	-	T	24-06-2023	-	-
NZ_AQUY01000005.1_orf59039	d3f45347fbbb6de66baf1dca453ce8e1	104	MobiDBLite	mobidb-lite	consensus disorder prediction	24	57	-	T	24-06-2023	-	-
NZ_AQUY01000003.1_orf49521	d8d849f08872fb7d6327564d086ff6a9	1234	Pfam	PF11847	Alpha-(1->3)-arabinofuranosyltransferase	30	661	2.4E-220	T	24-06-2023	IPR021798	Alpha-(1->3)-arabinofuranosyltransferase
NZ_AQUY01000003.1_orf49521	d8d849f08872fb7d6327564d086ff6a9	1234	MobiDBLite	mobidb-lite	consensus disorder prediction	635	664	-	T	24-06-2023	-	-
NZ_AQUY01000003.1_orf49521	d8d849f08872fb7d6327564d086ff6a9	1234	MobiDBLite	mobidb-lite	consensus disorder prediction	1210	1234	-	T	24-06-2023	-	-
NZ_AQUY01000002.1_orf36839	399e017033bb4779e7cf66e0fc9dee66	1194	CDD	cd04485	DnaE_OBF	1034	1112	9.74527E-19	T	24-06-2023	-	-
NZ_AQUY01000002.1_orf36839	399e017033bb4779e7cf66e0fc9dee66	1194	CDD	cd12113	PHP_PolIIIA_DnaE3	7	308	1.06923E-135	T	24-06-2023	-	-
NZ_AQUY01000002.1_orf36839	399e017033bb4779e7cf66e0fc9dee66	1194	TIGRFAM	TIGR00594	polc: DNA polymerase III, alpha subunit	8	1071	0.0	T	24-06-2023	IPR004805	DNA polymerase III, alpha subunit
NZ_AQUY01000002.1_orf36839	399e017033bb4779e7cf66e0fc9dee66	1194	SMART	SM00481	npolultra	9	76	2.4E-29	T	24-06-2023	IPR003141	Polymerase/histidinol phosphatase, N-terminal
NZ_AQUY01000002.1_orf36839	399e017033bb4779e7cf66e0fc9dee66	1194	Gene3D	G3DSA:1.10.150.870	-	719	919	1.2E-15	T	24-06-2023	-	-
NZ_AQUY01000002.1_orf36839	399e017033bb4779e7cf66e0fc9dee66	1194	Gene3D	G3DSA:3.20.20.140	-	5	298	2.2E-103	T	24-06-2023	-	-
NZ_AQUY01000002.1_orf36839	399e017033bb4779e7cf66e0fc9dee66	1194	Pfam	PF07733	Bacterial DNA polymerase III alpha NTPase domain	326	597	4.2E-89	T	24-06-2023	IPR011708	Bacterial DNA polymerase III, alpha subunit, NTPase domain
NZ_AQUY01000002.1_orf36839	399e017033bb4779e7cf66e0fc9dee66	1194	Pfam	PF14579	Helix-hairpin-helix motif	842	929	2.2E-22	T	24-06-2023	IPR029460	DNA polymerase, helix-hairpin-helix motif
NZ_AQUY01000002.1_orf36839	399e017033bb4779e7cf66e0fc9dee66	1194	Pfam	PF17657	Bacterial DNA polymerase III alpha subunit finger domain	600	769	3.3E-58	T	24-06-2023	IPR040982	DNA polymerase III alpha subunit finger domain
NZ_AQUY01000002.1_orf36839	399e017033bb4779e7cf66e0fc9dee66	1194	PANTHER	PTHR32294	DNA POLYMERASE III SUBUNIT ALPHA	7	1189	0.0	T	24-06-2023	IPR004805	DNA polymerase III, alpha subunit
NZ_AQUY01000002.1_orf36839	399e017033bb4779e7cf66e0fc9dee66	1194	SUPERFAMILY	SSF89550	PHP domain-like	8	250	3.53E-26	T	24-06-2023	IPR016195	Polymerase/histidinol phosphatase-like
NZ_AQUY01000002.1_orf36839	399e017033bb4779e7cf66e0fc9dee66	1194	Pfam	PF02811	PHP domain	10	196	2.5E-43	T	24-06-2023	IPR004013	PHP domain
NZ_AQUY01000002.1_orf36839	399e017033bb4779e7cf66e0fc9dee66	1194	Gene3D	G3DSA:1.10.10.1600	Bacterial DNA polymerase III alpha subunit, thumb domain	464	544	1.2E-24	T	24-06-2023	IPR041931	Bacterial DNA polymerase III alpha subunit, thumb domain
NZ_AQUY01000003.1_orf51352	5ee6ecbb0be7ee268be3798d2854218e	1672	Pfam	PF00975	Thioesterase domain	1401	1503	6.2E-20	T	24-06-2023	IPR001031	Thioesterase
NZ_AQUY01000003.1_orf51352	5ee6ecbb0be7ee268be3798d2854218e	1672	Gene3D	G3DSA:1.10.1200.10	-	12	95	7.2E-21	T	24-06-2023	IPR036736	ACP-like superfamily
NZ_AQUY01000003.1_orf51352	5ee6ecbb0be7ee268be3798d2854218e	1672	Gene3D	G3DSA:3.40.366.10	-	594	1010	3.9E-114	T	24-06-2023	IPR001227	Acyl transferase domain superfamily
NZ_AQUY01000003.1_orf51352	5ee6ecbb0be7ee268be3798d2854218e	1672	Gene3D	G3DSA:3.40.50.1820	alpha/beta hydrolase	1388	1662	2.0E-43	T	24-06-2023	IPR029058	Alpha/Beta hydrolase fold
NZ_AQUY01000003.1_orf51352	5ee6ecbb0be7ee268be3798d2854218e	1672	Pfam	PF00109	Beta-ketoacyl synthase, N-terminal domain	130	376	2.5E-86	T	24-06-2023	IPR014030	Beta-ketoacyl synthase, N-terminal
NZ_AQUY01000003.1_orf51352	5ee6ecbb0be7ee268be3798d2854218e	1672	ProSiteProfiles	PS50075	Carrier protein (CP) domain profile.	19	96	11.697926	T	24-06-2023	IPR009081	Phosphopantetheine binding ACP domain
NZ_AQUY01000003.1_orf51352	5ee6ecbb0be7ee268be3798d2854218e	1672	Gene3D	G3DSA:3.40.47.10	-	119	572	4.9E-182	T	24-06-2023	IPR016039	Thiolase-like
NZ_AQUY01000003.1_orf51352	5ee6ecbb0be7ee268be3798d2854218e	1672	Pfam	PF00698	Acyl transferase domain	682	990	4.9E-50	T	24-06-2023	IPR014043	Acyl transferase
NZ_AQUY01000003.1_orf51352	5ee6ecbb0be7ee268be3798d2854218e	1672	Pfam	PF02801	Beta-ketoacyl synthase, C-terminal domain	384	501	5.9E-43	T	24-06-2023	IPR014031	Beta-ketoacyl synthase, C-terminal
NZ_AQUY01000003.1_orf51352	5ee6ecbb0be7ee268be3798d2854218e	1672	Pfam	PF00550	Phosphopantetheine attachment site	26	92	4.1E-8	T	24-06-2023	IPR009081	Phosphopantetheine binding ACP domain
NZ_AQUY01000003.1_orf51352	5ee6ecbb0be7ee268be3798d2854218e	1672	Pfam	PF00550	Phosphopantetheine attachment site	1196	1240	4.7E-7	T	24-06-2023	IPR009081	Phosphopantetheine binding ACP domain
NZ_AQUY01000003.1_orf51352	5ee6ecbb0be7ee268be3798d2854218e	1672	Gene3D	G3DSA:1.10.1200.10	-	1191	1276	2.5E-11	T	24-06-2023	IPR036736	ACP-like superfamily
NZ_AQUY01000003.1_orf51352	5ee6ecbb0be7ee268be3798d2854218e	1672	SMART	SM00823	Phosphopantetheine attachment site	25	96	5.3E-8	T	24-06-2023	IPR020806	Polyketide synthase, phosphopantetheine-binding domain
NZ_AQUY01000003.1_orf51352	5ee6ecbb0be7ee268be3798d2854218e	1672	SMART	SM00823	Phosphopantetheine attachment site	1193	1252	2.4E-4	T	24-06-2023	IPR020806	Polyketide synthase, phosphopantetheine-binding domain
NZ_AQUY01000003.1_orf51352	5ee6ecbb0be7ee268be3798d2854218e	1672	Gene3D	G3DSA:3.30.70.250	-	805	877	3.9E-114	T	24-06-2023	-	-
NZ_AQUY01000003.1_orf51352	5ee6ecbb0be7ee268be3798d2854218e	1672	SUPERFAMILY	SSF55048	Probable ACP-binding domain of malonyl-CoA ACP transacylase	812	876	1.36E-7	T	24-06-2023	IPR016036	Malonyl-CoA ACP transacylase, ACP-binding
NZ_AQUY01000003.1_orf51352	5ee6ecbb0be7ee268be3798d2854218e	1672	Pfam	PF16197	Ketoacyl-synthetase C-terminal extension	504	562	1.4E-14	T	24-06-2023	IPR032821	Polyketide synthase, C-terminal extension
NZ_AQUY01000003.1_orf51352	5ee6ecbb0be7ee268be3798d2854218e	1672	FunFam	G3DSA:3.40.47.10:FF:000042	Polyketide synthase Pks13	125	574	3.8E-179	T	24-06-2023	-	-
NZ_AQUY01000003.1_orf51352	5ee6ecbb0be7ee268be3798d2854218e	1672	PANTHER	PTHR43775	FATTY ACID SYNTHASE	96	1044	0.0	T	24-06-2023	-	-
NZ_AQUY01000003.1_orf51352	5ee6ecbb0be7ee268be3798d2854218e	1672	SUPERFAMILY	SSF47336	ACP-like	1192	1280	6.28E-12	T	24-06-2023	IPR036736	ACP-like superfamily
NZ_AQUY01000003.1_orf51352	5ee6ecbb0be7ee268be3798d2854218e	1672	SUPERFAMILY	SSF52151	FabD/lysophospholipase-like	682	980	2.51E-51	T	24-06-2023	IPR016035	Acyl transferase/acyl hydrolase/lysophospholipase
NZ_AQUY01000003.1_orf51352	5ee6ecbb0be7ee268be3798d2854218e	1672	ProSitePatterns	PS00606	Beta-ketoacyl synthases active site.	289	305	-	T	24-06-2023	IPR018201	Beta-ketoacyl synthase, active site
NZ_AQUY01000003.1_orf51352	5ee6ecbb0be7ee268be3798d2854218e	1672	MobiDBLite	mobidb-lite	consensus disorder prediction	1281	1303	-	T	24-06-2023	-	-
NZ_AQUY01000003.1_orf51352	5ee6ecbb0be7ee268be3798d2854218e	1672	CDD	cd00833	PKS	129	549	0.0	T	24-06-2023	-	-
NZ_AQUY01000003.1_orf51352	5ee6ecbb0be7ee268be3798d2854218e	1672	ProSiteProfiles	PS50075	Carrier protein (CP) domain profile.	1190	1264	11.095724	T	24-06-2023	IPR009081	Phosphopantetheine binding ACP domain
NZ_AQUY01000003.1_orf51352	5ee6ecbb0be7ee268be3798d2854218e	1672	SUPERFAMILY	SSF47336	ACP-like	19	143	2.36E-14	T	24-06-2023	IPR036736	ACP-like superfamily
NZ_AQUY01000003.1_orf51352	5ee6ecbb0be7ee268be3798d2854218e	1672	SMART	SM00827	Acyl transferase domain in polyketide synthase (PKS) enzymes.	684	989	7.1E-62	T	24-06-2023	IPR014043	Acyl transferase
NZ_AQUY01000003.1_orf51352	5ee6ecbb0be7ee268be3798d2854218e	1672	Gene3D	G3DSA:1.10.1200.10	-	1299	1383	3.1E-5	T	24-06-2023	IPR036736	ACP-like superfamily
NZ_AQUY01000003.1_orf51352	5ee6ecbb0be7ee268be3798d2854218e	1672	SMART	SM00825	Beta-ketoacyl synthase	131	554	1.7E-199	T	24-06-2023	IPR020841	Polyketide synthase, beta-ketoacyl synthase domain
NZ_AQUY01000003.1_orf51352	5ee6ecbb0be7ee268be3798d2854218e	1672	SUPERFAMILY	SSF53474	alpha/beta-Hydrolases	1384	1656	3.56E-42	T	24-06-2023	IPR029058	Alpha/Beta hydrolase fold
NZ_AQUY01000003.1_orf51352	5ee6ecbb0be7ee268be3798d2854218e	1672	SUPERFAMILY	SSF53901	Thiolase-like	127	550	1.96E-93	T	24-06-2023	IPR016039	Thiolase-like
NZ_AQUY01000001.1_orf19176	8bdbe58fa018c1a13f82061d705233b5	1352	CDD	cd18791	SF2_C_RHA	281	446	3.96844E-58	T	24-06-2023	-	-
NZ_AQUY01000001.1_orf19176	8bdbe58fa018c1a13f82061d705233b5	1352	Gene3D	G3DSA:3.40.50.300	-	280	456	2.2E-52	T	24-06-2023	IPR027417	P-loop containing nucleoside triphosphate hydrolase
NZ_AQUY01000001.1_orf19176	8bdbe58fa018c1a13f82061d705233b5	1352	PANTHER	PTHR18934	ATP-DEPENDENT RNA HELICASE	97	758	4.5E-160	T	24-06-2023	-	-
NZ_AQUY01000001.1_orf19176	8bdbe58fa018c1a13f82061d705233b5	1352	SMART	SM00490	helicmild6	335	438	9.2E-15	T	24-06-2023	IPR001650	Helicase, C-terminal
NZ_AQUY01000001.1_orf19176	8bdbe58fa018c1a13f82061d705233b5	1352	SMART	SM00382	AAA_5	114	418	0.0014	T	24-06-2023	IPR003593	AAA+ ATPase domain
NZ_AQUY01000001.1_orf19176	8bdbe58fa018c1a13f82061d705233b5	1352	SMART	SM00487	ultradead3	97	286	1.6E-27	T	24-06-2023	IPR014001	Helicase superfamily 1/2, ATP-binding domain
NZ_AQUY01000001.1_orf19176	8bdbe58fa018c1a13f82061d705233b5	1352	ProSiteProfiles	PS51192	Superfamilies 1 and 2 helicase ATP-binding type-1 domain profile.	109	272	20.506048	T	24-06-2023	IPR014001	Helicase superfamily 1/2, ATP-binding domain
NZ_AQUY01000001.1_orf19176	8bdbe58fa018c1a13f82061d705233b5	1352	FunFam	G3DSA:3.40.50.300:FF:000575	ATP-dependent helicase hrpA	53	279	4.3E-107	T	24-06-2023	-	-
NZ_AQUY01000001.1_orf19176	8bdbe58fa018c1a13f82061d705233b5	1352	Gene3D	G3DSA:3.40.50.300	-	53	279	2.0E-76	T	24-06-2023	IPR027417	P-loop containing nucleoside triphosphate hydrolase
NZ_AQUY01000001.1_orf19176	8bdbe58fa018c1a13f82061d705233b5	1352	FunFam	G3DSA:1.20.120.1080:FF:000005	ATP-dependent helicase HrpA	484	607	3.2E-26	T	24-06-2023	-	-
NZ_AQUY01000001.1_orf19176	8bdbe58fa018c1a13f82061d705233b5	1352	ProSiteProfiles	PS51194	Superfamilies 1 and 2 helicase C-terminal domain profile.	305	478	14.826069	T	24-06-2023	IPR001650	Helicase, C-terminal
NZ_AQUY01000001.1_orf19176	8bdbe58fa018c1a13f82061d705233b5	1352	Pfam	PF07717	Oligonucleotide/oligosaccharide-binding (OB)-fold	677	751	2.6E-21	T	24-06-2023	IPR011709	DEAD-box helicase, OB fold
NZ_AQUY01000001.1_orf19176	8bdbe58fa018c1a13f82061d705233b5	1352	Pfam	PF11898	Domain of unknown function (DUF3418)	767	1348	8.6E-196	T	24-06-2023	IPR024590	RNA helicase HrpA, C-terminal
NZ_AQUY01000001.1_orf19176	8bdbe58fa018c1a13f82061d705233b5	1352	Pfam	PF00271	Helicase conserved C-terminal domain	312	437	4.1E-11	T	24-06-2023	IPR001650	Helicase, C-terminal
NZ_AQUY01000001.1_orf19176	8bdbe58fa018c1a13f82061d705233b5	1352	MobiDBLite	mobidb-lite	consensus disorder prediction	511	536	-	T	24-06-2023	-	-
NZ_AQUY01000001.1_orf19176	8bdbe58fa018c1a13f82061d705233b5	1352	TIGRFAM	TIGR01967	DEAH_box_HrpA: RNA helicase HrpA	43	1348	0.0	T	24-06-2023	IPR010222	RNA helicase HrpA
NZ_AQUY01000001.1_orf19176	8bdbe58fa018c1a13f82061d705233b5	1352	Pfam	PF04408	Helicase associated domain (HA2)	502	609	7.3E-13	T	24-06-2023	IPR007502	Helicase-associated domain
NZ_AQUY01000001.1_orf19176	8bdbe58fa018c1a13f82061d705233b5	1352	CDD	cd17989	DEXHc_HrpA	99	276	2.58125E-105	T	24-06-2023	-	-
NZ_AQUY01000001.1_orf19176	8bdbe58fa018c1a13f82061d705233b5	1352	SUPERFAMILY	SSF52540	P-loop containing nucleoside triphosphate hydrolases	97	650	6.04E-99	T	24-06-2023	IPR027417	P-loop containing nucleoside triphosphate hydrolase
NZ_AQUY01000001.1_orf19176	8bdbe58fa018c1a13f82061d705233b5	1352	Gene3D	G3DSA:1.20.120.1080	-	484	610	4.1E-17	T	24-06-2023	-	-
NZ_AQUY01000001.1_orf19176	8bdbe58fa018c1a13f82061d705233b5	1352	SMART	SM00847	ha2_5	498	614	1.1E-26	T	24-06-2023	IPR007502	Helicase-associated domain
NZ_AQUY01000004.1_orf57380	ea35f672dc9a583ab5921c5b9a71a5e8	958	SMART	SM00490	helicmild6	324	427	5.9E-15	T	24-06-2023	IPR001650	Helicase, C-terminal
NZ_AQUY01000004.1_orf57380	ea35f672dc9a583ab5921c5b9a71a5e8	958	Pfam	PF08482	ATP-dependent helicase C-terminal	807	943	1.8E-49	T	24-06-2023	IPR013689	ATP-dependent RNA helicase HrpB, C-terminal
NZ_AQUY01000004.1_orf57380	ea35f672dc9a583ab5921c5b9a71a5e8	958	MobiDBLite	mobidb-lite	consensus disorder prediction	938	958	-	T	24-06-2023	-	-
NZ_AQUY01000004.1_orf57380	ea35f672dc9a583ab5921c5b9a71a5e8	958	ProSiteProfiles	PS51192	Superfamilies 1 and 2 helicase ATP-binding type-1 domain profile.	103	263	17.022829	T	24-06-2023	IPR014001	Helicase superfamily 1/2, ATP-binding domain
NZ_AQUY01000004.1_orf57380	ea35f672dc9a583ab5921c5b9a71a5e8	958	SMART	SM00847	ha2_5	487	570	3.0E-6	T	24-06-2023	IPR007502	Helicase-associated domain
NZ_AQUY01000004.1_orf57380	ea35f672dc9a583ab5921c5b9a71a5e8	958	ProSiteProfiles	PS51194	Superfamilies 1 and 2 helicase C-terminal domain profile.	293	467	15.264256	T	24-06-2023	IPR001650	Helicase, C-terminal
NZ_AQUY01000004.1_orf57380	ea35f672dc9a583ab5921c5b9a71a5e8	958	TIGRFAM	TIGR01970	DEAH_box_HrpB: ATP-dependent helicase HrpB	94	954	2.3E-191	T	24-06-2023	IPR010225	ATP-dependent helicase HrpB
NZ_AQUY01000004.1_orf57380	ea35f672dc9a583ab5921c5b9a71a5e8	958	Pfam	PF00271	Helicase conserved C-terminal domain	306	427	5.8E-13	T	24-06-2023	IPR001650	Helicase, C-terminal
NZ_AQUY01000004.1_orf57380	ea35f672dc9a583ab5921c5b9a71a5e8	958	ProSitePatterns	PS00690	DEAH-box subfamily ATP-dependent helicases signature.	205	214	-	T	24-06-2023	IPR002464	DNA/RNA helicase, ATP-dependent, DEAH-box type, conserved site
NZ_AQUY01000004.1_orf57380	ea35f672dc9a583ab5921c5b9a71a5e8	958	SMART	SM00487	ultradead3	81	276	1.6E-15	T	24-06-2023	IPR014001	Helicase superfamily 1/2, ATP-binding domain
NZ_AQUY01000004.1_orf57380	ea35f672dc9a583ab5921c5b9a71a5e8	958	PANTHER	PTHR43519	ATP-DEPENDENT RNA HELICASE HRPB	92	954	1.0E-225	T	24-06-2023	-	-
NZ_AQUY01000004.1_orf57380	ea35f672dc9a583ab5921c5b9a71a5e8	958	SUPERFAMILY	SSF52540	P-loop containing nucleoside triphosphate hydrolases	108	437	4.61E-42	T	24-06-2023	IPR027417	P-loop containing nucleoside triphosphate hydrolase
NZ_AQUY01000004.1_orf57380	ea35f672dc9a583ab5921c5b9a71a5e8	958	CDD	cd18791	SF2_C_RHA	271	435	2.27665E-44	T	24-06-2023	-	-
NZ_AQUY01000004.1_orf57380	ea35f672dc9a583ab5921c5b9a71a5e8	958	Pfam	PF04408	Helicase associated domain (HA2)	488	546	8.9E-11	T	24-06-2023	IPR007502	Helicase-associated domain
NZ_AQUY01000004.1_orf57380	ea35f672dc9a583ab5921c5b9a71a5e8	958	Gene3D	G3DSA:1.20.120.1080	-	474	590	1.2E-11	T	24-06-2023	-	-
NZ_AQUY01000004.1_orf57380	ea35f672dc9a583ab5921c5b9a71a5e8	958	Gene3D	G3DSA:3.40.50.300	-	271	444	1.8E-40	T	24-06-2023	IPR027417	P-loop containing nucleoside triphosphate hydrolase
NZ_AQUY01000004.1_orf57380	ea35f672dc9a583ab5921c5b9a71a5e8	958	Pfam	PF00270	DEAD/DEAH box helicase	107	246	1.4E-7	T	24-06-2023	IPR011545	DEAD/DEAH box helicase domain
NZ_AQUY01000004.1_orf57380	ea35f672dc9a583ab5921c5b9a71a5e8	958	Gene3D	G3DSA:3.40.50.300	-	68	268	1.9E-53	T	24-06-2023	IPR027417	P-loop containing nucleoside triphosphate hydrolase
NZ_AQUY01000006.1_orf59059	6421e0d78123e4180a3770bbf0108726	80	MobiDBLite	mobidb-lite	consensus disorder prediction	1	66	-	T	24-06-2023	-	-
NZ_AQUY01000006.1_orf59059	6421e0d78123e4180a3770bbf0108726	80	MobiDBLite	mobidb-lite	consensus disorder prediction	10	46	-	T	24-06-2023	-	-
NZ_AQUY01000008.1_orf59185	6617f415b80dfb7e130902a1790310f5	96	MobiDBLite	mobidb-lite	consensus disorder prediction	1	34	-	T	24-06-2023	-	-
NZ_AQUY01000008.1_orf59185	6617f415b80dfb7e130902a1790310f5	96	MobiDBLite	mobidb-lite	consensus disorder prediction	71	96	-	T	24-06-2023	-	-
NZ_AQUY01000002.1_orf36908	feac187b5e4cead36581dd12373c2496	1216	MobiDBLite	mobidb-lite	consensus disorder prediction	973	1010	-	T	24-06-2023	-	-
NZ_AQUY01000002.1_orf39859	7c47c236ccdac53c63dbc39bfc144b44	1270	SUPERFAMILY	SSF48452	TPR-like	950	1069	8.97E-7	T	24-06-2023	IPR011990	Tetratricopeptide-like helical domain superfamily
NZ_AQUY01000002.1_orf39859	7c47c236ccdac53c63dbc39bfc144b44	1270	Coils	Coil	Coil	1046	1066	-	T	24-06-2023	-	-
NZ_AQUY01000002.1_orf39859	7c47c236ccdac53c63dbc39bfc144b44	1270	MobiDBLite	mobidb-lite	consensus disorder prediction	1135	1270	-	T	24-06-2023	-	-
NZ_AQUY01000002.1_orf39859	7c47c236ccdac53c63dbc39bfc144b44	1270	MobiDBLite	mobidb-lite	consensus disorder prediction	1142	1194	-	T	24-06-2023	-	-
NZ_AQUY01000001.1_orf22506	a5a0e5b98e0b059e1e07191d50d05f87	1278	ProSitePatterns	PS00211	ABC transporters family signature.	503	517	-	T	24-06-2023	IPR017871	ABC transporter-like, conserved site
NZ_AQUY01000001.1_orf22506	a5a0e5b98e0b059e1e07191d50d05f87	1278	ProSiteProfiles	PS50893	ATP-binding cassette, ABC transporter-type domain profile.	363	600	22.195654	T	24-06-2023	IPR003439	ABC transporter-like, ATP-binding domain
NZ_AQUY01000001.1_orf22506	a5a0e5b98e0b059e1e07191d50d05f87	1278	ProSiteProfiles	PS50929	ABC transporter integral membrane type-1 fused domain profile.	38	329	50.39851	T	24-06-2023	IPR011527	ABC transporter type 1, transmembrane domain
NZ_AQUY01000001.1_orf22506	a5a0e5b98e0b059e1e07191d50d05f87	1278	SUPERFAMILY	SSF90123	ABC transporter transmembrane region	710	1017	1.7E-68	T	24-06-2023	IPR036640	ABC transporter type 1, transmembrane domain superfamily
NZ_AQUY01000001.1_orf22506	a5a0e5b98e0b059e1e07191d50d05f87	1278	ProSiteProfiles	PS50929	ABC transporter integral membrane type-1 fused domain profile.	722	1004	54.123352	T	24-06-2023	IPR011527	ABC transporter type 1, transmembrane domain
NZ_AQUY01000001.1_orf22506	a5a0e5b98e0b059e1e07191d50d05f87	1278	ProSiteProfiles	PS50893	ATP-binding cassette, ABC transporter-type domain profile.	1038	1273	21.395338	T	24-06-2023	IPR003439	ABC transporter-like, ATP-binding domain
NZ_AQUY01000001.1_orf22506	a5a0e5b98e0b059e1e07191d50d05f87	1278	SUPERFAMILY	SSF90123	ABC transporter transmembrane region	24	353	1.31E-65	T	24-06-2023	IPR036640	ABC transporter type 1, transmembrane domain superfamily
NZ_AQUY01000001.1_orf22506	a5a0e5b98e0b059e1e07191d50d05f87	1278	SMART	SM00382	AAA_5	387	577	1.0E-15	T	24-06-2023	IPR003593	AAA+ ATPase domain
NZ_AQUY01000001.1_orf22506	a5a0e5b98e0b059e1e07191d50d05f87	1278	SMART	SM00382	AAA_5	1064	1250	1.6E-15	T	24-06-2023	IPR003593	AAA+ ATPase domain
NZ_AQUY01000001.1_orf22506	a5a0e5b98e0b059e1e07191d50d05f87	1278	MobiDBLite	mobidb-lite	consensus disorder prediction	625	648	-	T	24-06-2023	-	-
NZ_AQUY01000001.1_orf22506	a5a0e5b98e0b059e1e07191d50d05f87	1278	CDD	cd18546	ABC_6TM_Rv0194_D2_like	737	1012	2.2031E-91	T	24-06-2023	-	-
NZ_AQUY01000001.1_orf22506	a5a0e5b98e0b059e1e07191d50d05f87	1278	Pfam	PF00005	ABC transporter	1057	1204	4.7E-31	T	24-06-2023	IPR003439	ABC transporter-like, ATP-binding domain
NZ_AQUY01000001.1_orf22506	a5a0e5b98e0b059e1e07191d50d05f87	1278	Pfam	PF00005	ABC transporter	378	531	6.1E-25	T	24-06-2023	IPR003439	ABC transporter-like, ATP-binding domain
NZ_AQUY01000001.1_orf22506	a5a0e5b98e0b059e1e07191d50d05f87	1278	Pfam	PF00664	ABC transporter transmembrane region	40	314	3.2E-38	T	24-06-2023	IPR011527	ABC transporter type 1, transmembrane domain
NZ_AQUY01000001.1_orf22506	a5a0e5b98e0b059e1e07191d50d05f87	1278	Pfam	PF00664	ABC transporter transmembrane region	724	991	4.1E-39	T	24-06-2023	IPR011527	ABC transporter type 1, transmembrane domain
NZ_AQUY01000001.1_orf22506	a5a0e5b98e0b059e1e07191d50d05f87	1278	Gene3D	G3DSA:1.20.1560.10	ABC transporter type 1, transmembrane domain	6	346	5.2E-61	T	24-06-2023	IPR036640	ABC transporter type 1, transmembrane domain superfamily
NZ_AQUY01000001.1_orf22506	a5a0e5b98e0b059e1e07191d50d05f87	1278	SUPERFAMILY	SSF52540	P-loop containing nucleoside triphosphate hydrolases	360	598	3.83E-69	T	24-06-2023	IPR027417	P-loop containing nucleoside triphosphate hydrolase
NZ_AQUY01000001.1_orf22506	a5a0e5b98e0b059e1e07191d50d05f87	1278	SUPERFAMILY	SSF52540	P-loop containing nucleoside triphosphate hydrolases	1033	1273	3.2E-76	T	24-06-2023	IPR027417	P-loop containing nucleoside triphosphate hydrolase
NZ_AQUY01000001.1_orf22506	a5a0e5b98e0b059e1e07191d50d05f87	1278	FunFam	G3DSA:3.40.50.300:FF:000299	ABC transporter ATP-binding protein/permease	359	604	6.1E-73	T	24-06-2023	-	-
NZ_AQUY01000001.1_orf22506	a5a0e5b98e0b059e1e07191d50d05f87	1278	Gene3D	G3DSA:3.40.50.300	-	362	614	8.5E-71	T	24-06-2023	IPR027417	P-loop containing nucleoside triphosphate hydrolase
NZ_AQUY01000001.1_orf22506	a5a0e5b98e0b059e1e07191d50d05f87	1278	CDD	cd18543	ABC_6TM_Rv0194_D1_like	47	337	5.11232E-99	T	24-06-2023	-	-
NZ_AQUY01000001.1_orf22506	a5a0e5b98e0b059e1e07191d50d05f87	1278	PANTHER	PTHR24221	ATP-BINDING CASSETTE SUB-FAMILY B	721	1270	4.9E-244	T	24-06-2023	IPR039421	Type 1 protein exporter
NZ_AQUY01000001.1_orf22506	a5a0e5b98e0b059e1e07191d50d05f87	1278	Gene3D	G3DSA:3.40.50.300	-	1029	1277	1.5E-77	T	24-06-2023	IPR027417	P-loop containing nucleoside triphosphate hydrolase
NZ_AQUY01000001.1_orf22506	a5a0e5b98e0b059e1e07191d50d05f87	1278	FunFam	G3DSA:3.40.50.300:FF:000299	ABC transporter ATP-binding protein/permease	1031	1277	1.6E-79	T	24-06-2023	-	-
NZ_AQUY01000001.1_orf22506	a5a0e5b98e0b059e1e07191d50d05f87	1278	Gene3D	G3DSA:1.20.1560.10	ABC transporter type 1, transmembrane domain	706	1019	1.0E-62	T	24-06-2023	IPR036640	ABC transporter type 1, transmembrane domain superfamily
