locus_tag	ftype	length_bp	gene	EC_number	COG	product
ILICMMIM_00001	CDS	597				hypothetical protein
ILICMMIM_00002	CDS	585				hypothetical protein
ILICMMIM_00003	CDS	3585				hypothetical protein
ILICMMIM_00004	CDS	1029				hypothetical protein
ILICMMIM_00005	CDS	3561				hypothetical protein
ILICMMIM_00006	CDS	2196				hypothetical protein
ILICMMIM_00007	CDS	249				hypothetical protein
ILICMMIM_00008	CDS	390	vapC_1	3.1.-.-		tRNA(fMet)-specific endonuclease VapC
ILICMMIM_00009	CDS	2502				hypothetical protein
ILICMMIM_00010	CDS	3633				hypothetical protein
ILICMMIM_00011	CDS	1140				hypothetical protein
ILICMMIM_00012	CDS	144				hypothetical protein
ILICMMIM_00013	CDS	1239				hypothetical protein
ILICMMIM_00014	CDS	1332				hypothetical protein
ILICMMIM_00015	CDS	129				hypothetical protein
ILICMMIM_00016	CDS	177				hypothetical protein
ILICMMIM_00017	CDS	156				hypothetical protein
ILICMMIM_00018	CDS	102				hypothetical protein
ILICMMIM_00019	CDS	1170				hypothetical protein
ILICMMIM_00020	CDS	477				hypothetical protein
ILICMMIM_00021	CDS	693	arfB	3.5.1.102	COG1402	2-amino-5-formylamino-6-ribosylaminopyrimidin-4(3H)-one 5'-monophosphate deformylase
ILICMMIM_00022	CDS	171				hypothetical protein
ILICMMIM_00023	CDS	723	cas6a	3.1.-.-	COG1583	CRISPR-associated endoribonuclease Cas6 1
	repeat_region	694				
ILICMMIM_00024	CDS	414				hypothetical protein
ILICMMIM_00025	CDS	171				hypothetical protein
ILICMMIM_00026	CDS	831				hypothetical protein
ILICMMIM_00027	CDS	468				hypothetical protein
ILICMMIM_00028	CDS	201				hypothetical protein
ILICMMIM_00029	CDS	1344				hypothetical protein
ILICMMIM_00030	CDS	990				hypothetical protein
ILICMMIM_00031	CDS	627				hypothetical protein
ILICMMIM_00032	CDS	2220	dbpA_1	3.6.4.13		ATP-dependent RNA helicase DbpA
ILICMMIM_00033	CDS	414				hypothetical protein
ILICMMIM_00034	CDS	1590				hypothetical protein
ILICMMIM_00035	CDS	969	cas1	3.1.-.-	COG1518	CRISPR-associated endonuclease Cas1
ILICMMIM_00036	CDS	192	cas2	3.1.-.-	COG1343	CRISPR-associated endoribonuclease Cas2
	repeat_region	1277				
ILICMMIM_00037	CDS	435				hypothetical protein
ILICMMIM_00038	CDS	615				hypothetical protein
ILICMMIM_00039	CDS	264				hypothetical protein
ILICMMIM_00040	CDS	1008				hypothetical protein
ILICMMIM_00041	CDS	249				hypothetical protein
ILICMMIM_00042	CDS	423				hypothetical protein
ILICMMIM_00043	CDS	1260	wecC	1.1.1.336	COG0677	UDP-N-acetyl-D-mannosamine dehydrogenase
ILICMMIM_00044	CDS	1104				hypothetical protein
ILICMMIM_00045	CDS	1029	tarJ	1.1.1.405		Ribulose-5-phosphate reductase
ILICMMIM_00046	CDS	705	tarI	2.7.7.40		Ribitol-5-phosphate cytidylyltransferase
ILICMMIM_00047	CDS	2478	rsxB_1	7.-.-.-		Ion-translocating oxidoreductase complex subunit B
ILICMMIM_00048	CDS	1101				hypothetical protein
ILICMMIM_00049	CDS	1746				hypothetical protein
ILICMMIM_00050	CDS	1152				hypothetical protein
ILICMMIM_00051	CDS	2073				hypothetical protein
ILICMMIM_00052	CDS	762			COG1082	putative protein
ILICMMIM_00053	CDS	360				hypothetical protein
ILICMMIM_00054	CDS	1263				hypothetical protein
ILICMMIM_00055	CDS	399				hypothetical protein
ILICMMIM_00056	CDS	1914	smc_1			Chromosome partition protein Smc
ILICMMIM_00057	CDS	168				hypothetical protein
ILICMMIM_00058	CDS	2085	dbpA_2	3.6.4.13		ATP-dependent RNA helicase DbpA
ILICMMIM_00059	CDS	216				hypothetical protein
ILICMMIM_00060	CDS	804	patS	3.6.3.-	COG4087	Soluble P-type ATPase-like phosphatase
ILICMMIM_00061	CDS	135				hypothetical protein
ILICMMIM_00062	CDS	831				hypothetical protein
ILICMMIM_00063	CDS	1188				hypothetical protein
ILICMMIM_00064	CDS	483				hypothetical protein
ILICMMIM_00065	CDS	327				hypothetical protein
ILICMMIM_00066	CDS	1299				hypothetical protein
ILICMMIM_00067	CDS	957	fcl_1	1.1.1.271		GDP-L-fucose synthase
ILICMMIM_00068	CDS	1101	arnB_1	2.6.1.87		UDP-4-amino-4-deoxy-L-arabinose--oxoglutarate aminotransferase
ILICMMIM_00069	CDS	516	lpxD_1	2.3.1.191		UDP-3-O-(3-hydroxymyristoyl)glucosamine N-acyltransferase
ILICMMIM_00070	CDS	1149				hypothetical protein
ILICMMIM_00071	CDS	1284				hypothetical protein
ILICMMIM_00072	CDS	1446				hypothetical protein
ILICMMIM_00073	CDS	1083		5.1.-.-	COG0381	UDP-N-acetylglucosamine 2-epimerase 
ILICMMIM_00074	CDS	1320		1.1.1.336	COG0677	UDP-N-acetyl-D-mannosamine dehydrogenase
ILICMMIM_00075	CDS	2385				hypothetical protein
ILICMMIM_00076	CDS	882				hypothetical protein
ILICMMIM_00077	CDS	609				hypothetical protein
ILICMMIM_00078	CDS	453				hypothetical protein
ILICMMIM_00079	tRNA	74				tRNA-Gln(ttg)
ILICMMIM_00080	CDS	1296				hypothetical protein
ILICMMIM_00081	CDS	150				hypothetical protein
ILICMMIM_00082	CDS	648	atpD		COG1394	V-type ATP synthase subunit D
ILICMMIM_00083	CDS	1392	atpB		COG1156	V-type ATP synthase beta chain
ILICMMIM_00084	CDS	1755	atpA	7.1.2.2	COG1155	V-type ATP synthase alpha chain
ILICMMIM_00085	CDS	321	atpF		COG1436	V-type ATP synthase subunit F
ILICMMIM_00086	CDS	1155	atpC			V-type ATP synthase subunit C
ILICMMIM_00087	CDS	621	atpE		COG1390	V-type ATP synthase subunit E
ILICMMIM_00088	CDS	489	atpH			ATP synthase subunit c
ILICMMIM_00089	CDS	1998				hypothetical protein
ILICMMIM_00090	CDS	327				hypothetical protein
ILICMMIM_00091	CDS	351				hypothetical protein
ILICMMIM_00092	CDS	762				hypothetical protein
ILICMMIM_00093	tRNA	73				tRNA-Thr(ggt)
ILICMMIM_00094	tRNA	84				tRNA-Leu(taa)
ILICMMIM_00095	CDS	177				hypothetical protein
ILICMMIM_00096	CDS	801				hypothetical protein
ILICMMIM_00097	CDS	1452				hypothetical protein
ILICMMIM_00098	CDS	477	ogt	2.1.1.63		Methylated-DNA--protein-cysteine methyltransferase
ILICMMIM_00099	CDS	738				hypothetical protein
ILICMMIM_00100	CDS	468				hypothetical protein
ILICMMIM_00101	CDS	1392	cdhE	2.1.1.245	COG1456	Acetyl-CoA decarbonylase/synthase complex subunit gamma
ILICMMIM_00102	CDS	1170	cdhD1			Acetyl-CoA decarbonylase/synthase complex subunit delta 1
ILICMMIM_00103	CDS	759	bchL	1.3.7.7		Light-independent protochlorophyllide reductase iron-sulfur ATP-binding protein
ILICMMIM_00104	CDS	1431	cdhC2	2.3.1.169		Acetyl-CoA decarbonylase/synthase complex subunit beta 2
ILICMMIM_00105	CDS	180				hypothetical protein
ILICMMIM_00106	CDS	249				hypothetical protein
ILICMMIM_00107	CDS	540				hypothetical protein
ILICMMIM_00108	CDS	1461				hypothetical protein
ILICMMIM_00109	CDS	1578				hypothetical protein
ILICMMIM_00110	CDS	1689				hypothetical protein
ILICMMIM_00111	CDS	159				hypothetical protein
ILICMMIM_00112	CDS	1212				hypothetical protein
ILICMMIM_00113	CDS	330				hypothetical protein
ILICMMIM_00114	CDS	231				hypothetical protein
ILICMMIM_00115	CDS	507				hypothetical protein
ILICMMIM_00116	CDS	96				hypothetical protein
ILICMMIM_00117	CDS	990				hypothetical protein
ILICMMIM_00118	CDS	159				hypothetical protein
ILICMMIM_00119	CDS	1101				hypothetical protein
ILICMMIM_00120	CDS	177				hypothetical protein
ILICMMIM_00121	CDS	228				hypothetical protein
ILICMMIM_00122	CDS	369				hypothetical protein
ILICMMIM_00123	CDS	807				hypothetical protein
ILICMMIM_00124	CDS	384				hypothetical protein
ILICMMIM_00125	CDS	1515				hypothetical protein
ILICMMIM_00126	CDS	2007				hypothetical protein
ILICMMIM_00127	CDS	1398				hypothetical protein
ILICMMIM_00128	CDS	1008	glgC	2.7.7.27		Glucose-1-phosphate adenylyltransferase
ILICMMIM_00129	CDS	1251		1.1.1.336	COG0677	UDP-N-acetyl-D-mannosamine dehydrogenase
ILICMMIM_00130	CDS	999	fcl_2	1.1.1.271		GDP-L-fucose synthase
ILICMMIM_00131	CDS	1014	gtfA	2.4.1.-		UDP-N-acetylglucosamine--peptide N-acetylglucosaminyltransferase GtfA subunit
ILICMMIM_00132	CDS	195				hypothetical protein
ILICMMIM_00133	CDS	927				hypothetical protein
ILICMMIM_00134	CDS	1446	miaB_1	2.8.4.3		tRNA-2-methylthio-N(6)-dimethylallyladenosine synthase
ILICMMIM_00135	CDS	627				hypothetical protein
ILICMMIM_00136	CDS	339			COG1460	putative protein
ILICMMIM_00137	CDS	291			COG2139	50S ribosomal protein L21e
ILICMMIM_00138	CDS	375				hypothetical protein
ILICMMIM_00139	CDS	309				hypothetical protein
ILICMMIM_00140	CDS	1365		5.4.99.25	COG1258	tRNA pseudouridine synthase Pus10
ILICMMIM_00141	CDS	1335			COG0541	Signal recognition particle 54 kDa protein
ILICMMIM_00142	CDS	573	hpt	2.4.2.8	COG0503	Hypoxanthine/guanine phosphoribosyltransferase
ILICMMIM_00143	CDS	993	dph2	2.5.1.108	COG1736	2-(3-amino-3-carboxypropyl)histidine synthase
ILICMMIM_00144	CDS	510			COG1522	putative HTH-type transcriptional regulator
ILICMMIM_00145	CDS	681			COG4024	putative protein
ILICMMIM_00146	CDS	741				hypothetical protein
ILICMMIM_00147	CDS	888	purE_1	5.4.99.18		N5-carboxyaminoimidazole ribonucleotide mutase
ILICMMIM_00148	CDS	291	hisE	3.6.1.31		Phosphoribosyl-ATP pyrophosphatase
ILICMMIM_00149	CDS	843	IMPDH_1	1.1.1.205		Inosine-5'-monophosphate dehydrogenase
ILICMMIM_00150	CDS	1362	gatB	6.3.5.-	COG0064	Aspartyl/glutamyl-tRNA(Asn/Gln) amidotransferase subunit B
ILICMMIM_00151	CDS	534	psmB	3.4.25.1	COG0638	Proteasome subunit beta
ILICMMIM_00152	CDS	1908	rnj_1	3.1.-.-		Ribonuclease J
ILICMMIM_00153	CDS	1023	purM	6.3.3.1		Phosphoribosylformylglycinamidine cyclo-ligase
ILICMMIM_00154	CDS	1032	mdh	1.1.1.310	COG2055	Malate/(S)-sulfolactate dehydrogenase
ILICMMIM_00155	CDS	411				hypothetical protein
ILICMMIM_00156	CDS	1380	cpgS	6.5.-.-	COG2403	Cyclic 2,3-diphosphoglycerate synthetase
ILICMMIM_00157	CDS	234				hypothetical protein
ILICMMIM_00158	CDS	354				hypothetical protein
ILICMMIM_00159	CDS	1413	mdtD_1			Putative multidrug resistance protein MdtD
ILICMMIM_00160	CDS	528				hypothetical protein
ILICMMIM_00161	CDS	375				hypothetical protein
ILICMMIM_00162	CDS	303				hypothetical protein
ILICMMIM_00163	CDS	669				hypothetical protein
ILICMMIM_00164	CDS	1743				hypothetical protein
ILICMMIM_00165	CDS	228				hypothetical protein
ILICMMIM_00166	CDS	222				hypothetical protein
ILICMMIM_00167	CDS	738				hypothetical protein
ILICMMIM_00168	CDS	249				hypothetical protein
ILICMMIM_00169	CDS	741				hypothetical protein
ILICMMIM_00170	CDS	345				hypothetical protein
ILICMMIM_00171	CDS	324				hypothetical protein
ILICMMIM_00172	CDS	1155				hypothetical protein
ILICMMIM_00173	CDS	753				hypothetical protein
ILICMMIM_00174	CDS	1122				hypothetical protein
ILICMMIM_00175	CDS	801				hypothetical protein
ILICMMIM_00176	CDS	153				hypothetical protein
ILICMMIM_00177	CDS	1950				hypothetical protein
ILICMMIM_00178	CDS	1407				hypothetical protein
ILICMMIM_00179	CDS	1257				hypothetical protein
ILICMMIM_00180	CDS	1704				hypothetical protein
ILICMMIM_00181	CDS	288				hypothetical protein
ILICMMIM_00182	CDS	579				hypothetical protein
ILICMMIM_00183	CDS	315				hypothetical protein
ILICMMIM_00184	CDS	294				hypothetical protein
ILICMMIM_00185	CDS	810	fwdC	1.2.7.12	COG2218	Tungsten-containing formylmethanofuran dehydrogenase 2 subunit C
ILICMMIM_00186	CDS	1710				hypothetical protein
ILICMMIM_00187	CDS	1350	fdhA	1.17.1.9		Formate dehydrogenase subunit alpha
ILICMMIM_00188	CDS	540				hypothetical protein
ILICMMIM_00189	CDS	231	fwdG	1.2.7.12		Tungsten-containing formylmethanofuran dehydrogenase 2 subunit G
ILICMMIM_00190	CDS	1038	mvhB_1		COG1145	Polyferredoxin protein MvhB
ILICMMIM_00191	CDS	477	rsxB_2	7.-.-.-		Ion-translocating oxidoreductase complex subunit B
ILICMMIM_00192	CDS	948	moaA			GTP 3',8-cyclase
ILICMMIM_00193	tRNA	75				tRNA-Pro(tgg)
ILICMMIM_00194	tRNA	75				tRNA-Tyr(gta)
ILICMMIM_00195	tRNA	74				tRNA-Asp(gtc)
ILICMMIM_00196	tRNA	74				tRNA-Lys(ttt)
ILICMMIM_00197	CDS	234	rpoH	2.7.7.6	COG2012	DNA-directed RNA polymerase subunit H
ILICMMIM_00198	CDS	1542	rpoB2	2.7.7.6		DNA-directed RNA polymerase subunit B''
ILICMMIM_00199	CDS	1809	rpoB1	2.7.7.6		DNA-directed RNA polymerase subunit B'
ILICMMIM_00200	CDS	2622	rpoA1	2.7.7.6		DNA-directed RNA polymerase subunit A'
ILICMMIM_00201	CDS	1188	rpoA2	2.7.7.6		DNA-directed RNA polymerase subunit A''
ILICMMIM_00202	CDS	297			COG1911	50S ribosomal protein L30e
ILICMMIM_00203	CDS	432	nusA			Transcription termination/antitermination protein NusA
ILICMMIM_00204	CDS	354			COG0198	50S ribosomal protein L24
ILICMMIM_00205	CDS	729	rps4e		COG1471	30S ribosomal protein S4e
ILICMMIM_00206	CDS	507	rpl5		COG0094	50S ribosomal protein L5
ILICMMIM_00207	CDS	393	rps8		COG0096	30S ribosomal protein S8
ILICMMIM_00208	CDS	534	rpl6		COG0097	50S ribosomal protein L6
ILICMMIM_00209	CDS	342			COG1717	50S ribosomal protein L32e
ILICMMIM_00210	CDS	447			COG2147	50S ribosomal protein L19e
ILICMMIM_00211	CDS	579			COG0256	50S ribosomal protein L18
ILICMMIM_00212	CDS	645	rps5		COG0098	30S ribosomal protein S5
ILICMMIM_00213	CDS	468			COG1841	50S ribosomal protein L30
ILICMMIM_00214	CDS	438			COG0200	50S ribosomal protein L15
ILICMMIM_00215	CDS	1362	secY		COG0201	Protein translocase subunit SecY
ILICMMIM_00216	CDS	561	adkA	2.7.4.3		Adenylate kinase
ILICMMIM_00217	CDS	561			COG1422	putative protein
ILICMMIM_00218	CDS	270			COG2174	50S ribosomal protein L34e
ILICMMIM_00219	CDS	255				hypothetical protein
ILICMMIM_00220	CDS	1449	rtcB	6.5.1.-	COG1690	tRNA-splicing ligase RtcB
ILICMMIM_00221	CDS	780		2.4.2.1	COG0005	putative 6-oxopurine nucleoside phosphorylase
ILICMMIM_00222	CDS	1056	mdoC	2.1.-.-		Glucans biosynthesis protein C
ILICMMIM_00223	CDS	207				hypothetical protein
ILICMMIM_00224	CDS	375				hypothetical protein
ILICMMIM_00225	CDS	696				hypothetical protein
ILICMMIM_00226	CDS	801				hypothetical protein
ILICMMIM_00227	CDS	570			COG0655	Iron-sulfur flavoprotein
ILICMMIM_00228	CDS	303				hypothetical protein
ILICMMIM_00229	CDS	330				hypothetical protein
ILICMMIM_00230	CDS	468				hypothetical protein
ILICMMIM_00231	CDS	423				hypothetical protein
ILICMMIM_00232	CDS	1431	mdtD_2			Putative multidrug resistance protein MdtD
ILICMMIM_00233	CDS	210				hypothetical protein
ILICMMIM_00234	CDS	930	nadA	2.5.1.72	COG0379	Quinolinate synthase A
ILICMMIM_00235	CDS	765			COG0668	Small-conductance mechanosensitive channel MscMJ
ILICMMIM_00236	CDS	915	rnz	3.1.26.11	COG1234	Ribonuclease Z
ILICMMIM_00237	CDS	834				hypothetical protein
ILICMMIM_00238	CDS	498				hypothetical protein
ILICMMIM_00239	CDS	564				hypothetical protein
ILICMMIM_00240	CDS	951				hypothetical protein
ILICMMIM_00241	CDS	2217				hypothetical protein
ILICMMIM_00242	CDS	2598				hypothetical protein
ILICMMIM_00243	CDS	903	argF	2.1.3.3	COG0078	Ornithine carbamoyltransferase, anabolic
ILICMMIM_00244	CDS	1311	purD	6.3.4.13		Phosphoribosylamine--glycine ligase
ILICMMIM_00245	CDS	267				hypothetical protein
ILICMMIM_00246	CDS	753				hypothetical protein
ILICMMIM_00247	CDS	234				hypothetical protein
ILICMMIM_00248	tRNA	77				tRNA-Arg(tcg)
ILICMMIM_00249	CDS	825	hisF_1	4.3.2.10	COG0107	Imidazole glycerol phosphate synthase subunit HisF
ILICMMIM_00250	CDS	957				hypothetical protein
ILICMMIM_00251	CDS	411				hypothetical protein
ILICMMIM_00252	CDS	423				hypothetical protein
ILICMMIM_00253	CDS	1173	lysJ	2.6.1.-	COG4992	[LysW]-aminoadipate semialdehyde/glutamate semialdehyde transaminase
ILICMMIM_00254	CDS	642				hypothetical protein
ILICMMIM_00255	CDS	222				hypothetical protein
ILICMMIM_00256	CDS	462				hypothetical protein
ILICMMIM_00257	CDS	681				hypothetical protein
ILICMMIM_00258	CDS	708				hypothetical protein
ILICMMIM_00259	CDS	771				hypothetical protein
ILICMMIM_00260	CDS	282				hypothetical protein
ILICMMIM_00261	CDS	603				hypothetical protein
ILICMMIM_00262	CDS	150				hypothetical protein
ILICMMIM_00263	CDS	2328	yccX	3.6.1.7		Acylphosphatase
ILICMMIM_00264	CDS	294				hypothetical protein
ILICMMIM_00265	CDS	267				hypothetical protein
ILICMMIM_00266	CDS	834				hypothetical protein
ILICMMIM_00267	CDS	504				hypothetical protein
ILICMMIM_00268	CDS	957				hypothetical protein
ILICMMIM_00269	CDS	678	tpiA	5.3.1.1		Triosephosphate isomerase
ILICMMIM_00270	CDS	1233				hypothetical protein
ILICMMIM_00271	CDS	1524				hypothetical protein
ILICMMIM_00272	CDS	1242	pgk	2.7.2.3	COG0126	Phosphoglycerate kinase
ILICMMIM_00273	CDS	645	thiE	2.5.1.3	COG0352	Thiamine-phosphate synthase
ILICMMIM_00274	CDS	885	thiM	2.7.1.50	COG2145	Hydroxyethylthiazole kinase
ILICMMIM_00275	CDS	345				hypothetical protein
ILICMMIM_00276	CDS	198				hypothetical protein
ILICMMIM_00277	CDS	420				hypothetical protein
ILICMMIM_00278	CDS	342				hypothetical protein
ILICMMIM_00279	CDS	3213				hypothetical protein
ILICMMIM_00280	tRNA	75				tRNA-Met(cat)
ILICMMIM_00281	CDS	297				hypothetical protein
ILICMMIM_00282	CDS	579				hypothetical protein
ILICMMIM_00283	CDS	441				hypothetical protein
ILICMMIM_00284	CDS	312				hypothetical protein
ILICMMIM_00285	CDS	567				hypothetical protein
ILICMMIM_00286	CDS	456				hypothetical protein
ILICMMIM_00287	CDS	717				hypothetical protein
ILICMMIM_00288	CDS	756				hypothetical protein
ILICMMIM_00289	CDS	546				hypothetical protein
ILICMMIM_00290	CDS	636	cbiM			Cobalt transport protein CbiM
ILICMMIM_00291	CDS	330				hypothetical protein
ILICMMIM_00292	CDS	792	ecfT_1			Energy-coupling factor transporter transmembrane protein EcfT
ILICMMIM_00293	CDS	690				hypothetical protein
ILICMMIM_00294	CDS	219				hypothetical protein
ILICMMIM_00295	CDS	795				hypothetical protein
ILICMMIM_00296	CDS	1137				hypothetical protein
ILICMMIM_00297	CDS	1242				hypothetical protein
ILICMMIM_00298	CDS	171				hypothetical protein
ILICMMIM_00299	CDS	519	carS_1	2.7.7.67	COG0575	CDP-archaeol synthase
ILICMMIM_00300	CDS	1488		2.1.1.-	COG1964	7,8-dihydro-6-hydroxymethylpterin dimethyltransferase
ILICMMIM_00301	CDS	993		2.4.2.54	COG1907	Beta-ribofuranosylaminobenzene 5'-phosphate synthase
ILICMMIM_00302	CDS	483	leuD_1	4.2.1.33	COG0066	Isopropylmalate/citramalate isomerase small subunit
ILICMMIM_00303	CDS	639				hypothetical protein
ILICMMIM_00304	CDS	1305	miaB_2	2.8.4.3		tRNA-2-methylthio-N(6)-dimethylallyladenosine synthase
ILICMMIM_00305	CDS	417				hypothetical protein
ILICMMIM_00306	CDS	1239	hutI	3.5.2.7		Imidazolonepropionase
ILICMMIM_00307	CDS	2736	kdpB_1	7.2.2.6		Potassium-transporting ATPase ATP-binding subunit
ILICMMIM_00308	CDS	399	vapC_2	3.1.-.-		tRNA(fMet)-specific endonuclease VapC
ILICMMIM_00309	CDS	273				hypothetical protein
ILICMMIM_00310	CDS	1326	nanT			Sialic acid transporter NanT
ILICMMIM_00311	CDS	2760			COG0419	DNA double-strand break repair Rad50 ATPase
ILICMMIM_00312	CDS	1278	cpdA_1	3.1.4.53		3',5'-cyclic adenosine monophosphate phosphodiesterase CpdA
ILICMMIM_00313	CDS	1536	herA	3.6.4.12	COG0433	DNA double-strand break repair helicase HerA
ILICMMIM_00314	CDS	1086	nurA	3.1.-.-	COG1630	DNA double-strand break repair nuclease NurA
ILICMMIM_00315	CDS	744		2.5.1.41	COG1646	Geranylgeranylglyceryl phosphate synthase
ILICMMIM_00316	CDS	693	fno_1	1.5.1.40	COG2085	F420-dependent NADP reductase
ILICMMIM_00317	CDS	1068		1.2.1.76	COG1062	Succinate-semialdehyde dehydrogenase (acetylating)
ILICMMIM_00318	CDS	771				hypothetical protein
ILICMMIM_00319	CDS	192			COG2260	Ribosome biogenesis protein Nop10
ILICMMIM_00320	CDS	780	eif2a_1		COG1093	Translation initiation factor 2 subunit alpha
ILICMMIM_00321	CDS	180			COG2051	30S ribosomal protein S27e
ILICMMIM_00322	CDS	279			COG1631	50S ribosomal protein L44e
ILICMMIM_00323	CDS	789				hypothetical protein
ILICMMIM_00324	CDS	993				hypothetical protein
ILICMMIM_00325	CDS	2172		3.4.21.-	COG1067	Archaeal Lon protease
ILICMMIM_00326	CDS	3945				hypothetical protein
ILICMMIM_00327	CDS	879	prs	2.7.6.1	COG0462	Ribose-phosphate pyrophosphokinase
ILICMMIM_00328	CDS	2148	pnp_1	2.7.7.8		Polyribonucleotide nucleotidyltransferase
ILICMMIM_00329	CDS	1056				hypothetical protein
ILICMMIM_00330	CDS	1752	kdsB	2.7.7.38		8-amino-3,8-dideoxy-manno-octulosonate cytidylyltransferase
ILICMMIM_00331	CDS	765				hypothetical protein
ILICMMIM_00332	CDS	939	btuD_1	7.6.2.8		Vitamin B12 import ATP-binding protein BtuD
ILICMMIM_00333	CDS	558				hypothetical protein
ILICMMIM_00334	CDS	381				hypothetical protein
ILICMMIM_00335	CDS	366				hypothetical protein
ILICMMIM_00336	CDS	987	fen	3.1.-.-	COG0258	Flap endonuclease 1
ILICMMIM_00337	CDS	657				hypothetical protein
ILICMMIM_00338	CDS	1251		3.3.1.-	COG0499	S-inosyl-L-homocysteine hydrolase
ILICMMIM_00339	CDS	1251				hypothetical protein
ILICMMIM_00340	CDS	1047	mraY_1	2.7.8.13		Phospho-N-acetylmuramoyl-pentapeptide-transferase
ILICMMIM_00341	CDS	567				hypothetical protein
ILICMMIM_00342	CDS	1593				hypothetical protein
ILICMMIM_00343	CDS	2001	metG	6.1.1.10	COG0073	Methionine--tRNA ligase
ILICMMIM_00344	CDS	177				hypothetical protein
ILICMMIM_00345	CDS	195				hypothetical protein
ILICMMIM_00346	CDS	903	menH	4.2.99.20		2-succinyl-6-hydroxy-2,4-cyclohexadiene-1-carboxylate synthase
ILICMMIM_00347	CDS	1242	fpaA_1	1.-.-.-	COG0426	Type A flavoprotein FprA
ILICMMIM_00348	CDS	2175				hypothetical protein
ILICMMIM_00349	CDS	204				hypothetical protein
ILICMMIM_00350	CDS	912	ttuA	2.8.1.-	COG0037	tRNA-5-methyluridine(54) 2-sulfurtransferase
ILICMMIM_00351	CDS	537				hypothetical protein
ILICMMIM_00352	CDS	351				hypothetical protein
ILICMMIM_00353	CDS	603				hypothetical protein
ILICMMIM_00354	CDS	390				hypothetical protein
ILICMMIM_00355	CDS	240				hypothetical protein
ILICMMIM_00356	CDS	1596				hypothetical protein
ILICMMIM_00357	CDS	1830	polB1	2.7.7.7	COG0417	DNA polymerase PolB subunit 1
ILICMMIM_00358	CDS	420				hypothetical protein
ILICMMIM_00359	CDS	693				hypothetical protein
ILICMMIM_00360	CDS	1221	queG_1	1.17.99.6		Epoxyqueuosine reductase
ILICMMIM_00361	CDS	912				hypothetical protein
ILICMMIM_00362	CDS	765				hypothetical protein
ILICMMIM_00363	CDS	1239	apgM1	5.4.2.12	COG3635	2,3-bisphosphoglycerate-independent phosphoglycerate mutase 1
ILICMMIM_00364	CDS	717				hypothetical protein
ILICMMIM_00365	CDS	582	rps3ae		COG1890	30S ribosomal protein S3Ae
ILICMMIM_00366	CDS	453				hypothetical protein
ILICMMIM_00367	CDS	378				hypothetical protein
ILICMMIM_00368	CDS	306				hypothetical protein
ILICMMIM_00369	CDS	258				hypothetical protein
ILICMMIM_00370	CDS	864	ndhA_1	7.1.1.-		NAD(P)H-quinone oxidoreductase subunit 1, chloroplastic
ILICMMIM_00371	CDS	216				hypothetical protein
ILICMMIM_00372	CDS	681				hypothetical protein
ILICMMIM_00373	CDS	690				hypothetical protein
ILICMMIM_00374	CDS	492				hypothetical protein
ILICMMIM_00375	CDS	261				hypothetical protein
ILICMMIM_00376	CDS	288				hypothetical protein
ILICMMIM_00377	CDS	249				hypothetical protein
ILICMMIM_00378	CDS	501				hypothetical protein
ILICMMIM_00379	CDS	321				hypothetical protein
ILICMMIM_00380	CDS	1179			COG0025	Na(+)/H(+) antiporter 1
ILICMMIM_00381	CDS	1002				hypothetical protein
ILICMMIM_00382	CDS	339				hypothetical protein
ILICMMIM_00383	CDS	537				hypothetical protein
ILICMMIM_00384	CDS	1218		2.7.2.4	COG0527	putative aspartokinase
ILICMMIM_00385	CDS	903	dapA	4.3.3.7	COG0329	4-hydroxy-tetrahydrodipicolinate synthase
ILICMMIM_00386	CDS	822	dapB	1.17.1.8		4-hydroxy-tetrahydrodipicolinate reductase
ILICMMIM_00387	CDS	1050	asd	1.2.1.11	COG0136	Aspartate-semialdehyde dehydrogenase
ILICMMIM_00388	CDS	552				hypothetical protein
ILICMMIM_00389	CDS	297				hypothetical protein
ILICMMIM_00390	CDS	693	fno_2	1.5.1.40	COG2085	F420-dependent NADP reductase
ILICMMIM_00391	CDS	1068		1.2.1.76	COG1062	Succinate-semialdehyde dehydrogenase (acetylating)
ILICMMIM_00392	CDS	771				hypothetical protein
ILICMMIM_00393	CDS	192			COG2260	Ribosome biogenesis protein Nop10
ILICMMIM_00394	CDS	780	eif2a_2		COG1093	Translation initiation factor 2 subunit alpha
ILICMMIM_00395	CDS	180			COG2051	30S ribosomal protein S27e
ILICMMIM_00396	CDS	279			COG1631	50S ribosomal protein L44e
ILICMMIM_00397	CDS	1188	murJ_1			lipid II flippase MurJ
ILICMMIM_00398	CDS	693				hypothetical protein
ILICMMIM_00399	CDS	1017				hypothetical protein
ILICMMIM_00400	CDS	822	mjaVM	2.1.1.113	COG0863	Modification methylase MjaV
ILICMMIM_00401	CDS	189				hypothetical protein
ILICMMIM_00402	CDS	765	livG		COG0411	putative branched-chain amino acid transport ATP-binding protein LivG
ILICMMIM_00403	CDS	1242				hypothetical protein
ILICMMIM_00404	CDS	453				hypothetical protein
ILICMMIM_00405	CDS	1422				hypothetical protein
ILICMMIM_00406	CDS	588	hdrC1	1.8.7.3	COG1150	Ferredoxin:CoB-CoM heterodisulfide reductase subunit C
ILICMMIM_00407	CDS	984	hdrB1	1.8.7.3	COG2048	Ferredoxin:CoB-CoM heterodisulfide reductase subunit B
ILICMMIM_00408	CDS	549				hypothetical protein
ILICMMIM_00409	CDS	888				hypothetical protein
ILICMMIM_00410	CDS	291				hypothetical protein
ILICMMIM_00411	CDS	657			COG1707	putative protein
ILICMMIM_00412	CDS	261				hypothetical protein
ILICMMIM_00413	CDS	999	ndhA_2	7.1.1.-		NAD(P)H-quinone oxidoreductase subunit 1, chloroplastic
ILICMMIM_00414	CDS	1134	mbhL_1	1.12.7.2	COG3261	Membrane-bound hydrogenase subunit alpha
ILICMMIM_00415	CDS	447	mbhJ	1.12.7.2	COG3260	putative membrane-bound hydrogenase subunit mbhJ
ILICMMIM_00416	CDS	834				hypothetical protein
ILICMMIM_00417	CDS	1011	rpl3		COG0087	50S ribosomal protein L3
ILICMMIM_00418	CDS	765	rpl4		COG0088	50S ribosomal protein L4
ILICMMIM_00419	CDS	261			COG0089	50S ribosomal protein L23
ILICMMIM_00420	CDS	726	rpl2		COG0090	50S ribosomal protein L2
ILICMMIM_00421	CDS	411			COG0185	30S ribosomal protein S19
ILICMMIM_00422	CDS	462			COG0091	50S ribosomal protein L22
ILICMMIM_00423	CDS	1014				hypothetical protein
ILICMMIM_00424	CDS	207			COG0255	50S ribosomal protein L29
ILICMMIM_00425	CDS	342			COG0023	Protein translation factor SUI1 
ILICMMIM_00426	CDS	723				hypothetical protein
ILICMMIM_00427	CDS	807	dphB	2.1.1.98	COG1798	Diphthine synthase
ILICMMIM_00428	CDS	225				hypothetical protein
ILICMMIM_00429	CDS	1053	dnaJ			Chaperone protein DnaJ
ILICMMIM_00430	CDS	330				hypothetical protein
ILICMMIM_00431	CDS	741				hypothetical protein
ILICMMIM_00432	CDS	633				hypothetical protein
ILICMMIM_00433	CDS	408				hypothetical protein
ILICMMIM_00434	CDS	300				hypothetical protein
ILICMMIM_00435	CDS	396				hypothetical protein
ILICMMIM_00436	CDS	450	ndhK	7.1.1.-		NAD(P)H-quinone oxidoreductase subunit K, chloroplastic
ILICMMIM_00437	CDS	1125	mbhL_2	1.12.7.2	COG3261	Membrane-bound hydrogenase subunit alpha
ILICMMIM_00438	CDS	2367	rsxB_3	7.-.-.-		Ion-translocating oxidoreductase complex subunit B
ILICMMIM_00439	CDS	1137				hypothetical protein
ILICMMIM_00440	CDS	174				hypothetical protein
ILICMMIM_00441	CDS	453				hypothetical protein
ILICMMIM_00442	CDS	345				hypothetical protein
ILICMMIM_00443	CDS	2070	copB	7.2.2.9	COG2217	Copper-exporting P-type ATPase B
ILICMMIM_00444	CDS	585				hypothetical protein
ILICMMIM_00445	CDS	1194				hypothetical protein
ILICMMIM_00446	CDS	552				hypothetical protein
ILICMMIM_00447	CDS	2289	ppsA	2.7.9.2	COG0574	Phosphoenolpyruvate synthase
ILICMMIM_00448	CDS	483			COG0197	50S ribosomal protein L10e
ILICMMIM_00449	CDS	780				hypothetical protein
ILICMMIM_00450	CDS	801				hypothetical protein
ILICMMIM_00451	CDS	234				hypothetical protein
ILICMMIM_00452	CDS	1527	leuA	2.3.3.13	COG0119	2-isopropylmalate synthase
ILICMMIM_00453	CDS	1302	trpB1_1	4.2.1.20	COG1350	Tryptophan synthase beta chain 1
ILICMMIM_00454	CDS	774	nifH	1.18.6.1		Nitrogenase iron protein
ILICMMIM_00455	CDS	867				hypothetical protein
ILICMMIM_00456	CDS	426				hypothetical protein
ILICMMIM_00457	CDS	2424				hypothetical protein
ILICMMIM_00458	CDS	504				hypothetical protein
ILICMMIM_00459	CDS	780				hypothetical protein
ILICMMIM_00460	CDS	555				hypothetical protein
ILICMMIM_00461	CDS	504				hypothetical protein
ILICMMIM_00462	CDS	747				hypothetical protein
ILICMMIM_00463	CDS	894				hypothetical protein
ILICMMIM_00464	CDS	819				hypothetical protein
ILICMMIM_00465	CDS	804				hypothetical protein
ILICMMIM_00466	CDS	879				hypothetical protein
ILICMMIM_00467	CDS	852				hypothetical protein
ILICMMIM_00468	CDS	1458	rfcL		COG0470	Replication factor C large subunit
ILICMMIM_00469	CDS	600				hypothetical protein
ILICMMIM_00470	CDS	900				hypothetical protein
ILICMMIM_00471	CDS	906	aroE	1.1.1.25	COG0169	Shikimate dehydrogenase (NADP(+))
ILICMMIM_00472	CDS	1290	hisS	6.1.1.21	COG0124	Histidine--tRNA ligase
ILICMMIM_00473	CDS	2676	aglB	2.4.99.21		Dolichyl-phosphooligosaccharide-protein glycotransferase
ILICMMIM_00474	CDS	528				hypothetical protein
ILICMMIM_00475	CDS	2157	topA	5.6.2.1		DNA topoisomerase 1
ILICMMIM_00476	CDS	684	ecfT_2			Energy-coupling factor transporter transmembrane protein EcfT
ILICMMIM_00477	CDS	858	btuD_2	7.6.2.8		Vitamin B12 import ATP-binding protein BtuD
ILICMMIM_00478	CDS	459	ribC	2.5.1.9	COG1731	Riboflavin synthase
ILICMMIM_00479	CDS	786	aglK_1	2.4.1.153		UDP-N-acetylglucosamine--dolichyl-phosphate N-acetylglucosaminyltransferase
ILICMMIM_00480	CDS	351				hypothetical protein
ILICMMIM_00481	CDS	675	hdrD	1.8.98.1	COG0247	Dihydromethanophenazine:CoB--CoM heterodisulfide reductase subunit D
ILICMMIM_00482	CDS	1293	lutB			Lactate utilization protein B
ILICMMIM_00483	CDS	1479				hypothetical protein
ILICMMIM_00484	CDS	1227	mshA_1	2.4.1.250		D-inositol-3-phosphate glycosyltransferase
ILICMMIM_00485	CDS	1749				hypothetical protein
ILICMMIM_00486	CDS	876		2.5.1.42	COG0382	Digeranylgeranylglyceryl phosphate synthase
ILICMMIM_00487	CDS	642	rmlC	5.1.3.13	COG1898	dTDP-4-dehydrorhamnose 3,5-epimerase
ILICMMIM_00488	CDS	963	gmd	4.2.1.47		GDP-mannose 4,6-dehydratase
ILICMMIM_00489	CDS	783				hypothetical protein
ILICMMIM_00490	CDS	2133	btuD_3	7.6.2.8		Vitamin B12 import ATP-binding protein BtuD
ILICMMIM_00491	CDS	996				hypothetical protein
ILICMMIM_00492	CDS	1008				hypothetical protein
ILICMMIM_00493	CDS	2967	cshB_1	3.6.4.13		DEAD-box ATP-dependent RNA helicase CshB
ILICMMIM_00494	CDS	309				hypothetical protein
ILICMMIM_00495	CDS	1089				hypothetical protein
ILICMMIM_00496	CDS	600				hypothetical protein
ILICMMIM_00497	CDS	1056				hypothetical protein
ILICMMIM_00498	CDS	498				hypothetical protein
ILICMMIM_00499	CDS	261				hypothetical protein
ILICMMIM_00500	CDS	423				hypothetical protein
ILICMMIM_00501	CDS	1623				hypothetical protein
ILICMMIM_00502	CDS	594	fucA	4.1.2.17	COG0235	L-fuculose phosphate aldolase
ILICMMIM_00503	CDS	1233	prf1		COG1503	Peptide chain release factor subunit 1
ILICMMIM_00504	CDS	621	pyrE	2.4.2.10		Orotate phosphoribosyltransferase
ILICMMIM_00505	CDS	963		1.1.1.374	COG0673	UDP-N-acetylglucosamine 3-dehydrogenase
ILICMMIM_00506	CDS	870	hemC	2.5.1.61		Porphobilinogen deaminase
ILICMMIM_00507	CDS	1554	cfbE	6.4.1.9	COG0770	Coenzyme F(430) synthetase
ILICMMIM_00508	CDS	1233	mvhB_2		COG1145	Polyferredoxin protein MvhB
ILICMMIM_00509	CDS	1428	mvhA	1.12.99.-	COG3259	F420-non-reducing hydrogenase subunit A
ILICMMIM_00510	CDS	927	mvhG	1.12.99.-	COG1941	F420-non-reducing hydrogenase subunit G
ILICMMIM_00511	CDS	429	mvhD	1.12.99.-	COG1908	F420-non-reducing hydrogenase iron-sulfur subunit D
ILICMMIM_00512	CDS	1098	fbp	3.1.3.11	COG1980	Fructose-1,6-bisphosphate aldolase/phosphatase
ILICMMIM_00513	CDS	1590	btuD_4	7.6.2.8		Vitamin B12 import ATP-binding protein BtuD
ILICMMIM_00514	CDS	483				hypothetical protein
ILICMMIM_00515	CDS	636		1.3.1.76	COG1648	Precorrin-2 dehydrogenase
ILICMMIM_00516	CDS	1203	hemA	1.2.1.70	COG0373	Glutamyl-tRNA reductase
ILICMMIM_00517	CDS	1131	ftsH	3.4.24.-		ATP-dependent zinc metalloprotease FtsH
ILICMMIM_00518	CDS	846				hypothetical protein
ILICMMIM_00519	CDS	393				hypothetical protein
ILICMMIM_00520	CDS	825				hypothetical protein
ILICMMIM_00521	CDS	861	cdc6-2_1		COG1474	ORC1-type DNA replication protein 2
ILICMMIM_00522	CDS	354				hypothetical protein
ILICMMIM_00523	CDS	1110	cfbD	6.3.3.7	COG2710	Ni-sirohydrochlorin a,c-diamide reductive cyclase complex, component CfbD
ILICMMIM_00524	CDS	666	kynB	3.5.1.9		Kynurenine formamidase
ILICMMIM_00525	CDS	300				hypothetical protein
ILICMMIM_00526	CDS	228				hypothetical protein
ILICMMIM_00527	CDS	1638		2.3.1.-	COG1243	tRNA uridine(34) acetyltransferase
ILICMMIM_00528	CDS	684	deoC	4.1.2.4	COG0274	Deoxyribose-phosphate aldolase
ILICMMIM_00529	tRNA	75				tRNA-Phe(gaa)
ILICMMIM_00530	tRNA	72				tRNA-Val(gac)
ILICMMIM_00531	CDS	201	hfoA2			Archaeal histone A2
ILICMMIM_00532	CDS	633			COG2457	putative protein MTH_863
ILICMMIM_00533	CDS	1749	ade	3.5.4.2		Adenine deaminase
ILICMMIM_00534	CDS	708	queG_2	1.17.99.6		Epoxyqueuosine reductase
ILICMMIM_00535	CDS	1224			COG1915	putative protein
ILICMMIM_00536	CDS	891		3.5.3.24	COG0010	N(1)-aminopropylagmatine ureohydrolase
ILICMMIM_00537	CDS	384				hypothetical protein
ILICMMIM_00538	CDS	675				hypothetical protein
ILICMMIM_00539	CDS	696	dmrX	1.5.99.15	COG1036	Dihydromethanopterin reductase (acceptor)
ILICMMIM_00540	CDS	474				hypothetical protein
ILICMMIM_00541	CDS	369				hypothetical protein
ILICMMIM_00542	CDS	315				hypothetical protein
ILICMMIM_00543	CDS	795				hypothetical protein
ILICMMIM_00544	CDS	3276	murE	6.3.2.7		UDP-N-acetylmuramoyl-L-alanyl-D-glutamate--2,6-diaminopimelate ligase
ILICMMIM_00545	CDS	1284	murD	6.3.2.9		UDP-N-acetylmuramoylalanine--D-glutamate ligase
ILICMMIM_00546	CDS	402				hypothetical protein
ILICMMIM_00547	CDS	678	pyrH	2.7.4.22	COG0528	Uridylate kinase
ILICMMIM_00548	CDS	186				hypothetical protein
ILICMMIM_00549	CDS	327				hypothetical protein
ILICMMIM_00550	CDS	861				hypothetical protein
ILICMMIM_00551	CDS	1542				hypothetical protein
ILICMMIM_00552	CDS	825				hypothetical protein
ILICMMIM_00553	CDS	1641			COG0533	putative bifunctional tRNA threonylcarbamoyladenosine biosynthesis protein
ILICMMIM_00554	CDS	2628				hypothetical protein
ILICMMIM_00555	CDS	3153	rep	3.6.4.12		ATP-dependent DNA helicase Rep
ILICMMIM_00556	CDS	753	nth	4.2.99.18		Endonuclease III
ILICMMIM_00557	CDS	1005				hypothetical protein
ILICMMIM_00558	CDS	912	trmH	2.1.1.34		tRNA (guanosine(18)-2'-O)-methyltransferase
ILICMMIM_00559	CDS	588	dcd_1	3.5.4.30	COG0717	dCTP deaminase, dUMP-forming
ILICMMIM_00560	CDS	1719				hypothetical protein
ILICMMIM_00561	CDS	885	filR1_1		COG4742	Methanogenesis regulatory protein FilR1
ILICMMIM_00562	CDS	828	filR1_2		COG4742	Methanogenesis regulatory protein FilR1
ILICMMIM_00563	CDS	1149		2.6.1.57		Aromatic-amino-acid aminotransferase 2
ILICMMIM_00564	CDS	1158				hypothetical protein
ILICMMIM_00565	CDS	1812	btuD_5	7.6.2.8		Vitamin B12 import ATP-binding protein BtuD
ILICMMIM_00566	CDS	396				hypothetical protein
ILICMMIM_00567	CDS	876		2.7.1.169	COG1829	Pantoate kinase
ILICMMIM_00568	CDS	531				hypothetical protein
ILICMMIM_00569	CDS	789	aroA'	2.2.1.10	COG1830	2-amino-3,7-dideoxy-D-threo-hept-6-ulosonate synthase
ILICMMIM_00570	CDS	96				hypothetical protein
ILICMMIM_00571	CDS	1131	aroB'	1.4.1.24	COG1465	3-dehydroquinate synthase
ILICMMIM_00572	CDS	582		3.1.4.58	COG1514	RNA 2',3'-cyclic phosphodiesterase
ILICMMIM_00573	CDS	834	nifB_1	4.-.-.-	COG0535	FeMo cofactor biosynthesis protein NifB
ILICMMIM_00574	CDS	867	nifB_2	4.-.-.-	COG0535	FeMo cofactor biosynthesis protein NifB
ILICMMIM_00575	CDS	1005				hypothetical protein
ILICMMIM_00576	CDS	846				hypothetical protein
ILICMMIM_00577	CDS	834				hypothetical protein
ILICMMIM_00578	CDS	714				hypothetical protein
ILICMMIM_00579	CDS	414				hypothetical protein
ILICMMIM_00580	CDS	1218	frhA	1.12.98.1	COG3259	Coenzyme F420 hydrogenase subunit alpha
ILICMMIM_00581	CDS	471				hypothetical protein
ILICMMIM_00582	CDS	849	frhG	1.12.98.1	COG1941	Coenzyme F420 hydrogenase subunit gamma
ILICMMIM_00583	CDS	846	frhB	1.12.98.1	COG1035	Coenzyme F420 hydrogenase subunit beta
ILICMMIM_00584	CDS	792				hypothetical protein
ILICMMIM_00585	CDS	1788				hypothetical protein
ILICMMIM_00586	CDS	237				hypothetical protein
ILICMMIM_00587	CDS	402				hypothetical protein
ILICMMIM_00588	CDS	228				hypothetical protein
ILICMMIM_00589	CDS	1146				hypothetical protein
ILICMMIM_00590	CDS	138				hypothetical protein
ILICMMIM_00591	CDS	786	nucS	3.1.-.-	COG1637	Endonuclease NucS
ILICMMIM_00592	CDS	945	metXA_1	2.3.1.31	COG0517	Homoserine O-acetyltransferase
ILICMMIM_00593	CDS	753				hypothetical protein
ILICMMIM_00594	CDS	1071	murG	2.4.1.227		UDP-N-acetylglucosamine--N-acetylmuramyl-(pentapeptide) pyrophosphoryl-undecaprenol N-acetylglucosamine transferase
ILICMMIM_00595	CDS	2922				hypothetical protein
ILICMMIM_00596	CDS	594	tmk	2.7.4.9		Thymidylate kinase
ILICMMIM_00597	CDS	195				hypothetical protein
ILICMMIM_00598	CDS	258				hypothetical protein
ILICMMIM_00599	CDS	489	rny	3.1.-.-		Ribonuclease Y
ILICMMIM_00600	CDS	522	tfe		COG1675	Transcription factor E
ILICMMIM_00601	CDS	1026				hypothetical protein
ILICMMIM_00602	CDS	771	comA	4.4.1.19	COG1809	Phosphosulfolactate synthase
ILICMMIM_00603	CDS	1254	hacA	4.2.1.114	COG0065	Methanogen homoaconitase large subunit
ILICMMIM_00604	CDS	552	ubiC	4.1.3.40		Chorismate pyruvate-lyase
ILICMMIM_00605	CDS	1092	purP	6.3.4.23	COG1759	5-formaminoimidazole-4-carboxamide-1-(beta)-D-ribofuranosyl 5'-monophosphate synthetase
ILICMMIM_00606	CDS	540		3.1.4.-	COG0622	Phosphodiesterase
ILICMMIM_00607	CDS	609	rlmE	2.1.1.166	COG0293	Ribosomal RNA large subunit methyltransferase E
ILICMMIM_00608	CDS	423				hypothetical protein
ILICMMIM_00609	CDS	2415				hypothetical protein
ILICMMIM_00610	CDS	1641	cobB_1	6.3.5.11		Hydrogenobyrinate a,c-diamide synthase
ILICMMIM_00611	CDS	2601	kdpB_2	7.2.2.6		Potassium-transporting ATPase ATP-binding subunit
ILICMMIM_00612	CDS	810				hypothetical protein
ILICMMIM_00613	CDS	231				hypothetical protein
ILICMMIM_00614	CDS	849				hypothetical protein
ILICMMIM_00615	CDS	1935				hypothetical protein
ILICMMIM_00616	CDS	666				hypothetical protein
ILICMMIM_00617	CDS	753			COG1136	putative ABC transporter ATP-binding protein
ILICMMIM_00618	CDS	906				hypothetical protein
ILICMMIM_00619	CDS	936	radA		COG0468	DNA repair and recombination protein RadA
ILICMMIM_00620	CDS	2373	rpa		COG1599	Replication factor A
ILICMMIM_00621	CDS	642				hypothetical protein
ILICMMIM_00622	CDS	1365	wecB	5.1.3.14	COG0381	UDP-N-acetylglucosamine 2-epimerase
ILICMMIM_00623	CDS	1509				hypothetical protein
ILICMMIM_00624	CDS	984	truA	5.4.99.12		tRNA pseudouridine synthase A
ILICMMIM_00625	CDS	852	trpC			Indole-3-glycerol phosphate synthase
ILICMMIM_00626	CDS	609	trpF	5.3.1.24	COG0135	N-(5'-phosphoribosyl)anthranilate isomerase
ILICMMIM_00627	CDS	1248	trpB1_2	4.2.1.20	COG0133	Tryptophan synthase beta chain 1
ILICMMIM_00628	CDS	774	trpA	4.2.1.20	COG0159	Tryptophan synthase alpha chain
ILICMMIM_00629	CDS	231				hypothetical protein
ILICMMIM_00630	CDS	324				hypothetical protein
ILICMMIM_00631	CDS	1890	dinG	3.1.-.-		3'-5' exonuclease DinG
ILICMMIM_00632	CDS	267				hypothetical protein
ILICMMIM_00633	CDS	753				hypothetical protein
ILICMMIM_00634	CDS	234				hypothetical protein
ILICMMIM_00635	tRNA	77				tRNA-Arg(tcg)
ILICMMIM_00636	CDS	825	hisF_2	4.3.2.10	COG0107	Imidazole glycerol phosphate synthase subunit HisF
ILICMMIM_00637	CDS	1275	hisD	1.1.1.23		Histidinol dehydrogenase
ILICMMIM_00638	CDS	411				hypothetical protein
ILICMMIM_00639	CDS	750	mcrG	2.8.4.1	COG4057	Methyl-coenzyme M reductase I subunit gamma
ILICMMIM_00640	CDS	591	mcrC		COG4056	Methyl-coenzyme M reductase I operon protein C
ILICMMIM_00641	CDS	450	mcrD		COG4055	Methyl-coenzyme M reductase I operon protein D
ILICMMIM_00642	CDS	1332	mcrB	2.8.4.1	COG4054	Methyl-coenzyme M reductase I subunit beta
ILICMMIM_00643	CDS	927				hypothetical protein
ILICMMIM_00644	CDS	963	htpX	3.4.24.-		Protease HtpX
ILICMMIM_00645	CDS	546				hypothetical protein
ILICMMIM_00646	CDS	690	aroD	4.2.1.10	COG0710	3-dehydroquinate dehydratase
ILICMMIM_00647	CDS	726				hypothetical protein
ILICMMIM_00648	CDS	150				hypothetical protein
ILICMMIM_00649	CDS	225			COG2157	50S ribosomal protein L18Ae
ILICMMIM_00650	CDS	669	eif6		COG1976	Translation initiation factor 6
ILICMMIM_00651	CDS	255				hypothetical protein
ILICMMIM_00652	CDS	156			COG2167	50S ribosomal protein L39e
ILICMMIM_00653	CDS	591			COG2117	putative protein
ILICMMIM_00654	CDS	351			COG2118	DNA-binding protein
ILICMMIM_00655	CDS	441			COG2238	30S ribosomal protein S19e
ILICMMIM_00656	CDS	264				hypothetical protein
ILICMMIM_00657	CDS	375	rnp4	3.1.26.5	COG2023	Ribonuclease P protein component 4
ILICMMIM_00658	CDS	330		2.7.4.3	COG1936	Putative adenylate kinase
ILICMMIM_00659	CDS	1467				hypothetical protein
ILICMMIM_00660	CDS	678	cobY	2.7.7.62	COG2266	Adenosylcobinamide-phosphate guanylyltransferase
ILICMMIM_00661	CDS	297				hypothetical protein
ILICMMIM_00662	CDS	633				hypothetical protein
ILICMMIM_00663	CDS	282				hypothetical protein
ILICMMIM_00664	CDS	408				hypothetical protein
ILICMMIM_00665	CDS	381	rps8e		COG2007	30S ribosomal protein S8e
ILICMMIM_00666	CDS	699	polB2	2.7.7.7	COG0417	DNA polymerase PolB subunit 2
ILICMMIM_00667	CDS	1017	bepA	3.4.-.-		Beta-barrel assembly-enhancing protease
ILICMMIM_00668	CDS	672	cofC	2.7.7.68	COG1920	Phosphoenolpyruvate guanylyltransferase
ILICMMIM_00669	CDS	816	proS	6.1.1.15	COG0442	Proline--tRNA ligase
ILICMMIM_00670	CDS	525				hypothetical protein
ILICMMIM_00671	CDS	492				hypothetical protein
ILICMMIM_00672	CDS	150				hypothetical protein
ILICMMIM_00673	CDS	2919	leuS	6.1.1.4	COG0495	Leucine--tRNA ligase
ILICMMIM_00674	CDS	1206	mat	2.5.1.6	COG1812	S-adenosylmethionine synthase
ILICMMIM_00675	CDS	3318	ileS_1	6.1.1.5	COG0060	Isoleucine--tRNA ligase
ILICMMIM_00676	CDS	1005	bioB	2.8.1.6		Biotin synthase
ILICMMIM_00677	CDS	570	csl4		COG1096	Exosome complex component Csl4
ILICMMIM_00678	CDS	282				hypothetical protein
ILICMMIM_00679	CDS	504	nudF	3.6.1.13	COG1051	ADP-ribose pyrophosphatase
ILICMMIM_00680	CDS	315	tfs			Transcription factor S
ILICMMIM_00681	CDS	966				hypothetical protein
ILICMMIM_00682	CDS	1044	egsA	1.1.1.261	COG0371	Glycerol-1-phosphate dehydrogenase [NAD(P)+]
ILICMMIM_00683	CDS	432				hypothetical protein
ILICMMIM_00684	CDS	669	rpiA	5.3.1.6	COG0120	Ribose-5-phosphate isomerase A
ILICMMIM_00685	CDS	756		2.1.1.107	COG0007	S-adenosyl-L-methionine-dependent uroporphyrinogen III methyltransferase
ILICMMIM_00686	CDS	912				hypothetical protein
ILICMMIM_00687	CDS	1905	iorA	1.2.7.8	COG4231	Indolepyruvate oxidoreductase subunit IorA
ILICMMIM_00688	CDS	1635	tfrB	1.3.4.1	COG0247	Fumarate reductase (CoM/CoB) subunit B
ILICMMIM_00689	CDS	1452	MCM	3.6.4.12	COG1241	Minichromosome maintenance protein MCM
ILICMMIM_00690	CDS	408	eif2b		COG1601	Translation initiation factor 2 subunit beta
ILICMMIM_00691	CDS	1044				hypothetical protein
ILICMMIM_00692	CDS	969	tyrS	6.1.1.1	COG0162	Tyrosine--tRNA ligase
ILICMMIM_00693	CDS	1926	acsA	6.2.1.1	COG0365	Acetyl-coenzyme A synthetase
ILICMMIM_00694	CDS	573				hypothetical protein
ILICMMIM_00695	CDS	1401				hypothetical protein
ILICMMIM_00696	CDS	1014				hypothetical protein
ILICMMIM_00697	tRNA	73				tRNA-Val(tac)
ILICMMIM_00698	CDS	210				hypothetical protein
ILICMMIM_00699	CDS	879				hypothetical protein
ILICMMIM_00700	CDS	936	ilvE	2.6.1.42	COG0115	Putative branched-chain-amino-acid aminotransferase
ILICMMIM_00701	CDS	360				hypothetical protein
ILICMMIM_00702	CDS	1302				hypothetical protein
ILICMMIM_00703	CDS	432				hypothetical protein
ILICMMIM_00704	CDS	291				hypothetical protein
ILICMMIM_00705	CDS	636	iorB	1.2.7.8	COG1014	Indolepyruvate oxidoreductase subunit IorB
ILICMMIM_00706	CDS	1029	frvX	3.4.11.-	COG1363	Tetrahedral aminopeptidase
ILICMMIM_00707	CDS	1812	uvrC			UvrABC system protein C
ILICMMIM_00708	CDS	738	hisF_3	4.3.2.10	COG0107	Imidazole glycerol phosphate synthase subunit HisF
ILICMMIM_00709	CDS	822			COG0517	putative protein
ILICMMIM_00710	CDS	954			COG0517	putative protein
ILICMMIM_00711	CDS	693	queE_1	4.3.99.3		7-carboxy-7-deazaguanine synthase
ILICMMIM_00712	CDS	519				hypothetical protein
ILICMMIM_00713	CDS	681				hypothetical protein
ILICMMIM_00714	CDS	147				hypothetical protein
ILICMMIM_00715	CDS	882	pheA	4.2.1.51	COG0077	Prephenate dehydratase
ILICMMIM_00716	CDS	480				hypothetical protein
ILICMMIM_00717	CDS	537				hypothetical protein
ILICMMIM_00718	CDS	1155	coaBC		COG0452	Coenzyme A biosynthesis bifunctional protein CoaBC
ILICMMIM_00719	CDS	627				hypothetical protein
ILICMMIM_00720	CDS	657				hypothetical protein
ILICMMIM_00721	CDS	600				hypothetical protein
ILICMMIM_00722	CDS	492				hypothetical protein
ILICMMIM_00723	CDS	1323				hypothetical protein
ILICMMIM_00724	CDS	1653	lig	6.5.1.1	COG1793	DNA ligase
ILICMMIM_00725	CDS	489				hypothetical protein
ILICMMIM_00726	CDS	282				hypothetical protein
ILICMMIM_00727	CDS	1269	thiC	4.1.99.17		Phosphomethylpyrimidine synthase
ILICMMIM_00728	CDS	849				hypothetical protein
ILICMMIM_00729	CDS	2565				hypothetical protein
ILICMMIM_00730	CDS	2319				hypothetical protein
ILICMMIM_00731	CDS	1374	polC	2.7.7.7	COG1933	DNA polymerase II large subunit
ILICMMIM_00732	CDS	657				hypothetical protein
ILICMMIM_00733	CDS	696				hypothetical protein
ILICMMIM_00734	CDS	600		4.2.1.32	COG1838	Putative L(+)-tartrate dehydratase subunit beta
ILICMMIM_00735	CDS	1827				hypothetical protein
ILICMMIM_00736	CDS	993	leuB	1.1.1.85	COG0473	3-isopropylmalate/3-methylmalate dehydrogenase
ILICMMIM_00737	CDS	480	leuD_2	4.2.1.33	COG0066	Isopropylmalate/citramalate isomerase small subunit
ILICMMIM_00738	CDS	1248	leuC	4.2.1.33	COG0065	Isopropylmalate/citramalate isomerase large subunit
ILICMMIM_00739	CDS	855	aglF	2.7.7.9	COG1209	UTP--glucose-1-phosphate uridylyltransferase AglF
ILICMMIM_00740	CDS	468				hypothetical protein
ILICMMIM_00741	CDS	942	fcl_3	1.1.1.271		GDP-L-fucose synthase
ILICMMIM_00742	CDS	678	aglK_2	2.4.1.153		UDP-N-acetylglucosamine--dolichyl-phosphate N-acetylglucosaminyltransferase
ILICMMIM_00743	CDS	354				hypothetical protein
ILICMMIM_00744	CDS	708				hypothetical protein
ILICMMIM_00745	CDS	825				hypothetical protein
ILICMMIM_00746	CDS	1224	fpaA_2	1.-.-.-	COG0426	Type A flavoprotein FprA
ILICMMIM_00747	CDS	414				hypothetical protein
ILICMMIM_00748	CDS	1350	argH	4.3.2.1		Argininosuccinate lyase
ILICMMIM_00749	CDS	1527	mnmC_1	2.1.1.61		tRNA 5-methylaminomethyl-2-thiouridine biosynthesis bifunctional protein MnmC
ILICMMIM_00750	CDS	750	purL_1	6.3.5.3		Phosphoribosylformylglycinamidine synthase subunit PurL
ILICMMIM_00751	CDS	318				hypothetical protein
ILICMMIM_00752	CDS	1221				hypothetical protein
ILICMMIM_00753	CDS	1158				hypothetical protein
ILICMMIM_00754	CDS	1125	trm5b	2.1.1.228	COG2520	tRNA (guanine(37)-N1)-methyltransferase Trm5b
ILICMMIM_00755	CDS	2196	pnp_2	2.7.7.8		Polyribonucleotide nucleotidyltransferase
ILICMMIM_00756	CDS	1440				hypothetical protein
ILICMMIM_00757	CDS	1428				hypothetical protein
ILICMMIM_00758	CDS	369				hypothetical protein
ILICMMIM_00759	CDS	735				hypothetical protein
ILICMMIM_00760	CDS	927	btuD_6	7.6.2.8		Vitamin B12 import ATP-binding protein BtuD
ILICMMIM_00761	CDS	696	sfsA_1		COG1489	Sugar fermentation stimulation protein 
ILICMMIM_00762	CDS	291	sfsA_2			Sugar fermentation stimulation protein A
ILICMMIM_00763	CDS	1242	tuf		COG5256	Elongation factor 1-alpha
ILICMMIM_00764	CDS	309			COG0051	30S ribosomal protein S10
ILICMMIM_00765	tRNA	87				tRNA-Ser(tga)
ILICMMIM_00766	CDS	849				hypothetical protein
ILICMMIM_00767	CDS	213				hypothetical protein
ILICMMIM_00768	CDS	912				hypothetical protein
ILICMMIM_00769	CDS	582				hypothetical protein
ILICMMIM_00770	CDS	780	comB	3.1.3.71	COG2045	2-phosphosulfolactate phosphatase
ILICMMIM_00771	CDS	1062	msrA	1.8.4.11		Peptide methionine sulfoxide reductase MsrA
ILICMMIM_00772	CDS	765	nadX	1.4.1.21	COG1712	putative L-aspartate dehydrogenase
ILICMMIM_00773	CDS	336				hypothetical protein
ILICMMIM_00774	CDS	318				hypothetical protein
ILICMMIM_00775	CDS	726				hypothetical protein
ILICMMIM_00776	CDS	1302		1.2.1.22	COG1012	Lactaldehyde dehydrogenase
ILICMMIM_00777	CDS	315				hypothetical protein
ILICMMIM_00778	CDS	261				hypothetical protein
ILICMMIM_00779	CDS	339				hypothetical protein
ILICMMIM_00780	CDS	237				hypothetical protein
ILICMMIM_00781	CDS	378				hypothetical protein
ILICMMIM_00782	CDS	1494	fpoN	1.12.98.3	COG1007	F(420)H(2) dehydrogenase subunit N
ILICMMIM_00783	CDS	336				hypothetical protein
ILICMMIM_00784	CDS	303				hypothetical protein
ILICMMIM_00785	CDS	324				hypothetical protein
ILICMMIM_00786	CDS	1029			COG0244	50S ribosomal protein L10
ILICMMIM_00787	CDS	639	rpl1_1			50S ribosomal protein L1
ILICMMIM_00788	CDS	483			COG0080	50S ribosomal protein L11
ILICMMIM_00789	CDS	486	spt5_1		COG0250	Transcription elongation factor Spt5
ILICMMIM_00790	CDS	1203				hypothetical protein
ILICMMIM_00791	CDS	1365				hypothetical protein
ILICMMIM_00792	CDS	399			COG0184	30S ribosomal protein S15
ILICMMIM_00793	CDS	567		3.6.1.66	COG0127	dITP/XTP pyrophosphatase
ILICMMIM_00794	CDS	1227				hypothetical protein
ILICMMIM_00795	CDS	300	eIF1A		COG0361	Translation initiation factor 1A
ILICMMIM_00796	CDS	774	rio1	2.7.11.1	COG1718	RIO-type serine/threonine-protein kinase Rio1
ILICMMIM_00797	CDS	207				hypothetical protein
ILICMMIM_00798	CDS	2397	srmB	3.6.4.13		ATP-dependent RNA helicase SrmB
ILICMMIM_00799	CDS	759				hypothetical protein
ILICMMIM_00800	tRNA	75				tRNA-Ile(gat)
ILICMMIM_00801	CDS	504				hypothetical protein
ILICMMIM_00802	CDS	273				hypothetical protein
ILICMMIM_00803	CDS	1305	lpdA	1.8.1.4	COG1249	Dihydrolipoyl dehydrogenase
ILICMMIM_00804	CDS	429	queC	6.3.4.20		7-cyano-7-deazaguanine synthase
ILICMMIM_00805	CDS	462				hypothetical protein
ILICMMIM_00806	CDS	1251				hypothetical protein
ILICMMIM_00807	CDS	315				hypothetical protein
ILICMMIM_00808	CDS	615	era_1			GTPase Era
ILICMMIM_00809	CDS	312				hypothetical protein
ILICMMIM_00810	CDS	351				hypothetical protein
ILICMMIM_00811	CDS	1962				hypothetical protein
ILICMMIM_00812	CDS	1836	thrS	6.1.1.3	COG0441	Threonine--tRNA ligase
ILICMMIM_00813	CDS	540				hypothetical protein
ILICMMIM_00814	CDS	777				hypothetical protein
ILICMMIM_00815	CDS	513	cdhB2		COG1880	Acetyl-CoA decarbonylase/synthase complex subunit epsilon 2
ILICMMIM_00816	CDS	2385	cdhA2	1.2.7.4		Acetyl-CoA decarbonylase/synthase complex subunit alpha 2
ILICMMIM_00817	CDS	993	ilvC	1.1.1.383	COG0059	Ketol-acid reductoisomerase (NAD(P)(+))
ILICMMIM_00818	CDS	492				hypothetical protein
ILICMMIM_00819	CDS	1743	iolD_1	3.7.1.22		3D-(3,5/4)-trihydroxycyclohexane-1,2-dione hydrolase
ILICMMIM_00820	CDS	1725	arnC_1	2.4.2.53		Undecaprenyl-phosphate 4-deoxy-4-formamido-L-arabinose transferase
ILICMMIM_00821	CDS	933				hypothetical protein
ILICMMIM_00822	CDS	417	ribH	2.5.1.78	COG0054	6,7-dimethyl-8-ribityllumazine synthase
ILICMMIM_00823	CDS	516	dapH	2.3.1.89		2,3,4,5-tetrahydropyridine-2,6-dicarboxylate N-acetyltransferase
ILICMMIM_00824	CDS	1449				hypothetical protein
ILICMMIM_00825	CDS	1455				hypothetical protein
ILICMMIM_00826	CDS	264				hypothetical protein
ILICMMIM_00827	CDS	2016			COG0370	Fe(2+) transporter FeoB
ILICMMIM_00828	CDS	714				hypothetical protein
ILICMMIM_00829	CDS	1242				hypothetical protein
ILICMMIM_00830	CDS	1596				hypothetical protein
ILICMMIM_00831	CDS	801				hypothetical protein
ILICMMIM_00832	CDS	792				hypothetical protein
ILICMMIM_00833	CDS	312				hypothetical protein
ILICMMIM_00834	CDS	360				hypothetical protein
ILICMMIM_00835	CDS	555				hypothetical protein
ILICMMIM_00836	CDS	342				hypothetical protein
ILICMMIM_00837	CDS	756				hypothetical protein
ILICMMIM_00838	CDS	1023				hypothetical protein
ILICMMIM_00839	CDS	1533	fni	5.3.3.2		Isopentenyl-diphosphate delta-isomerase
ILICMMIM_00840	CDS	702	cpdA_2	3.1.4.53		3',5'-cyclic adenosine monophosphate phosphodiesterase CpdA
ILICMMIM_00841	CDS	135				hypothetical protein
ILICMMIM_00842	CDS	1362				hypothetical protein
ILICMMIM_00843	CDS	1257	larC	4.99.1.12		Pyridinium-3,5-bisthiocarboxylic acid mononucleotide nickel insertion protein
ILICMMIM_00844	CDS	774				hypothetical protein
ILICMMIM_00845	CDS	1962				hypothetical protein
ILICMMIM_00846	CDS	351				hypothetical protein
ILICMMIM_00847	CDS	312				hypothetical protein
ILICMMIM_00848	CDS	615	era_2			GTPase Era
ILICMMIM_00849	CDS	1527	mnmC_2	2.1.1.61		tRNA 5-methylaminomethyl-2-thiouridine biosynthesis bifunctional protein MnmC
ILICMMIM_00850	CDS	756				hypothetical protein
ILICMMIM_00851	CDS	594				hypothetical protein
ILICMMIM_00852	CDS	585				hypothetical protein
ILICMMIM_00853	CDS	1044				hypothetical protein
ILICMMIM_00854	CDS	1152	fadA	2.3.1.16		3-ketoacyl-CoA thiolase
ILICMMIM_00855	CDS	684				hypothetical protein
ILICMMIM_00856	CDS	699	queE_2	4.3.99.3		7-carboxy-7-deazaguanine synthase
ILICMMIM_00857	CDS	1098	hisC	2.6.1.9		Histidinol-phosphate aminotransferase
ILICMMIM_00858	CDS	504		4.2.1.1		Carbonic anhydrase
ILICMMIM_00859	CDS	1212	glmU		COG1208	Bifunctional protein GlmU
ILICMMIM_00860	CDS	1053				hypothetical protein
ILICMMIM_00861	CDS	768				hypothetical protein
ILICMMIM_00862	CDS	1044				hypothetical protein
ILICMMIM_00863	CDS	300				hypothetical protein
ILICMMIM_00864	CDS	372	rpl7ae		COG1358	50S ribosomal protein L7Ae
ILICMMIM_00865	CDS	207			COG2053	30S ribosomal protein S28e
ILICMMIM_00866	CDS	162			COG2075	50S ribosomal protein L24e
ILICMMIM_00867	CDS	453	ndk	2.7.4.6	COG0105	Nucleoside diphosphate kinase
ILICMMIM_00868	CDS	1788	infB_1		COG0532	putative translation initiation factor IF-2
ILICMMIM_00869	CDS	585				hypothetical protein
ILICMMIM_00870	CDS	594				hypothetical protein
ILICMMIM_00871	CDS	756				hypothetical protein
ILICMMIM_00872	CDS	1527	mnmC_3	2.1.1.61		tRNA 5-methylaminomethyl-2-thiouridine biosynthesis bifunctional protein MnmC
ILICMMIM_00873	CDS	810				hypothetical protein
ILICMMIM_00874	CDS	1038				hypothetical protein
ILICMMIM_00875	CDS	1419				hypothetical protein
ILICMMIM_00876	CDS	1059				hypothetical protein
ILICMMIM_00877	CDS	339				hypothetical protein
ILICMMIM_00878	CDS	339				hypothetical protein
ILICMMIM_00879	CDS	312	cutA		COG1324	Divalent-cation tolerance protein CutA
ILICMMIM_00880	CDS	798	nadE	6.3.1.5	COG0171	NH(3)-dependent NAD(+) synthetase
ILICMMIM_00881	CDS	1695				hypothetical protein
ILICMMIM_00882	CDS	1176		2.6.1.57		Aromatic-amino-acid aminotransferase 2
ILICMMIM_00883	CDS	405				hypothetical protein
ILICMMIM_00884	CDS	1293				hypothetical protein
ILICMMIM_00885	CDS	645				hypothetical protein
ILICMMIM_00886	CDS	1053				hypothetical protein
ILICMMIM_00887	CDS	444				hypothetical protein
ILICMMIM_00888	CDS	1311	gatD_1	6.3.5.-	COG0252	Glutamyl-tRNA(Gln) amidotransferase subunit D
ILICMMIM_00889	CDS	1884	gatE	6.3.5.-	COG2511	Glutamyl-tRNA(Gln) amidotransferase subunit E
ILICMMIM_00890	CDS	1032	purE_2	5.4.99.18		N5-carboxyaminoimidazole ribonucleotide mutase
ILICMMIM_00891	CDS	1278		4.1.1.-		Phenolic acid decarboxylase
ILICMMIM_00892	CDS	1005	cutD_1	1.97.1.-		Choline trimethylamine-lyase activating enzyme
ILICMMIM_00893	CDS	615				hypothetical protein
ILICMMIM_00894	CDS	1668	ths			Thermosome subunit
ILICMMIM_00895	CDS	1293	metZ	2.5.1.-		O-succinylhomoserine sulfhydrylase
ILICMMIM_00896	CDS	2073		3.6.4.12	COG1204	ATP-dependent DNA helicase Hel308
ILICMMIM_00897	CDS	486	spt5_2		COG0250	Transcription elongation factor Spt5
ILICMMIM_00898	CDS	483			COG0080	50S ribosomal protein L11
ILICMMIM_00899	CDS	639	rpl1_2			50S ribosomal protein L1
ILICMMIM_00900	CDS	1029			COG0244	50S ribosomal protein L10
ILICMMIM_00901	CDS	747			COG1082	putative protein
ILICMMIM_00902	CDS	1308				hypothetical protein
ILICMMIM_00903	CDS	432				hypothetical protein
ILICMMIM_00904	CDS	510				hypothetical protein
ILICMMIM_00905	CDS	171	rub		COG1773	Rubredoxin
ILICMMIM_00906	CDS	555				hypothetical protein
ILICMMIM_00907	CDS	1068				hypothetical protein
ILICMMIM_00908	CDS	909	fieF			Ferrous-iron efflux pump FieF
ILICMMIM_00909	CDS	1080				hypothetical protein
ILICMMIM_00910	CDS	456				hypothetical protein
ILICMMIM_00911	CDS	309				hypothetical protein
ILICMMIM_00912	CDS	954	metE	2.1.1.-	COG0620	Methionine synthase
ILICMMIM_00913	CDS	468	tadA	3.5.4.33		tRNA-specific adenosine deaminase
ILICMMIM_00914	CDS	771				hypothetical protein
ILICMMIM_00915	CDS	477				hypothetical protein
ILICMMIM_00916	CDS	1119	cdc6-2_2		COG1474	ORC1-type DNA replication protein 2
ILICMMIM_00917	CDS	765	mptE	2.7.6.3	COG1634	6-hydroxymethyl-7,8-dihydropterin pyrophosphokinase
ILICMMIM_00918	CDS	1143	phnW	2.6.1.37		2-aminoethylphosphonate--pyruvate transaminase
ILICMMIM_00919	CDS	1191				hypothetical protein
ILICMMIM_00920	CDS	1428				hypothetical protein
ILICMMIM_00921	CDS	1146				hypothetical protein
ILICMMIM_00922	CDS	528				hypothetical protein
ILICMMIM_00923	CDS	492				hypothetical protein
ILICMMIM_00924	CDS	591				hypothetical protein
ILICMMIM_00925	CDS	699				hypothetical protein
ILICMMIM_00926	CDS	513				hypothetical protein
ILICMMIM_00927	CDS	582				hypothetical protein
ILICMMIM_00928	CDS	1011	thiL_1	2.7.4.16		Thiamine-monophosphate kinase
ILICMMIM_00929	CDS	606	lpxD_2	2.3.1.191		UDP-3-O-(3-hydroxymyristoyl)glucosamine N-acyltransferase
ILICMMIM_00930	CDS	1089				hypothetical protein
ILICMMIM_00931	CDS	981				hypothetical protein
ILICMMIM_00932	CDS	798	cobS	2.7.8.26		Adenosylcobinamide-GDP ribazoletransferase
ILICMMIM_00933	CDS	558		2.1.1.206	COG1303	tRNA (cytidine(56)-2'-O)-methyltransferase
ILICMMIM_00934	CDS	528		4.2.1.32	COG1838	Putative L(+)-tartrate dehydratase subunit beta
ILICMMIM_00935	CDS	1173	mfnA	4.1.1.11	COG0076	L-aspartate/L-glutamate decarboxylase
ILICMMIM_00936	CDS	630			COG1136	putative ABC transporter ATP-binding protein
ILICMMIM_00937	CDS	1647				hypothetical protein
ILICMMIM_00938	CDS	777				hypothetical protein
ILICMMIM_00939	CDS	1059				hypothetical protein
ILICMMIM_00940	CDS	708		3.1.3.18	COG0561	Phosphoglycolate phosphatase
ILICMMIM_00941	CDS	1305				hypothetical protein
ILICMMIM_00942	tRNA	72				tRNA-Cys(gca)
ILICMMIM_00943	CDS	408	hjc	3.1.22.4	COG1591	Holliday junction resolvase Hjc
ILICMMIM_00944	tRNA	76				tRNA-His(gtg)
ILICMMIM_00945	tRNA	84				tRNA-Leu(tag)
ILICMMIM_00946	tRNA	77				tRNA-Glu(ttc)
ILICMMIM_00947	tRNA	76				tRNA-Met(cat)
ILICMMIM_00948	tRNA	75				tRNA-Asn(gtt)
ILICMMIM_00949	CDS	579				hypothetical protein
ILICMMIM_00950	CDS	930				hypothetical protein
ILICMMIM_00951	CDS	201				hypothetical protein
ILICMMIM_00952	CDS	765				hypothetical protein
ILICMMIM_00953	CDS	255				hypothetical protein
ILICMMIM_00954	CDS	594				hypothetical protein
ILICMMIM_00955	CDS	201				hypothetical protein
ILICMMIM_00956	CDS	516				hypothetical protein
ILICMMIM_00957	CDS	717				queuosine precursor transporter
ILICMMIM_00958	CDS	1242	tgtA	2.4.2.48	COG0343	tRNA-guanine(15) transglycosylase
ILICMMIM_00959	CDS	702			COG1500	Ribosome maturation protein SDO1 
ILICMMIM_00960	CDS	780	psmA	3.4.25.1	COG0638	Proteasome subunit alpha
ILICMMIM_00961	CDS	435	rnp2	3.1.26.5	COG1369	Ribonuclease P protein component 2
ILICMMIM_00962	CDS	846	rnp3	3.1.26.5	COG1603	Ribonuclease P protein component 3
ILICMMIM_00963	CDS	1068		1.2.1.76	COG1062	Succinate-semialdehyde dehydrogenase (acetylating)
ILICMMIM_00964	CDS	693	fno_3	1.5.1.40	COG2085	F420-dependent NADP reductase
ILICMMIM_00965	CDS	297				hypothetical protein
ILICMMIM_00966	CDS	552				hypothetical protein
ILICMMIM_00967	CDS	1278				hypothetical protein
ILICMMIM_00968	CDS	1110	btuD_7	7.6.2.8		Vitamin B12 import ATP-binding protein BtuD
ILICMMIM_00969	CDS	435				hypothetical protein
ILICMMIM_00970	CDS	1029	mfnF	2.5.1.131	COG1548	(4-{4-[2-(gamma-L-glutamylamino)ethyl]phenoxymethyl}furan-2-yl)methanamine synthase
ILICMMIM_00971	CDS	1047	mfnD	6.3.4.24	COG1821	Tyramine--L-glutamate ligase
ILICMMIM_00972	CDS	519	carS_2	2.7.7.67	COG0575	CDP-archaeol synthase
ILICMMIM_00973	CDS	924				hypothetical protein
ILICMMIM_00974	CDS	573				hypothetical protein
ILICMMIM_00975	CDS	384				hypothetical protein
ILICMMIM_00976	CDS	684				hypothetical protein
ILICMMIM_00977	CDS	1143	dnaG	2.7.7.-	COG0358	DNA primase DnaG
ILICMMIM_00978	CDS	759	rraA			Regulator of ribonuclease activity A
ILICMMIM_00979	CDS	756				hypothetical protein
ILICMMIM_00980	CDS	1923				hypothetical protein
ILICMMIM_00981	CDS	963	mch	3.5.4.27	COG3252	Methenyltetrahydromethanopterin cyclohydrolase
ILICMMIM_00982	CDS	1671				hypothetical protein
ILICMMIM_00983	CDS	753				hypothetical protein
ILICMMIM_00984	CDS	429			COG1310	putative metalloprotease
ILICMMIM_00985	CDS	1587	ghrB	1.1.1.81		Glyoxylate/hydroxypyruvate reductase B
ILICMMIM_00986	CDS	387	rps6e		COG2125	30S ribosomal protein S6e
ILICMMIM_00987	CDS	1788	infB_2		COG0532	putative translation initiation factor IF-2
ILICMMIM_00988	CDS	711	dusB	1.3.1.-		tRNA-dihydrouridine synthase B
ILICMMIM_00989	CDS	762	gch3	3.5.4.29	COG2429	GTP cyclohydrolase III
ILICMMIM_00990	CDS	906	cofD	2.7.8.28	COG0391	Phosphoenolpyruvate transferase
ILICMMIM_00991	CDS	627	cofE	6.3.2.31	COG1478	Coenzyme F420:L-glutamate ligase
ILICMMIM_00992	CDS	864				hypothetical protein
ILICMMIM_00993	CDS	1428				hypothetical protein
ILICMMIM_00994	CDS	291				hypothetical protein
ILICMMIM_00995	CDS	621	gloB	3.1.2.6		Hydroxyacylglutathione hydrolase
ILICMMIM_00996	CDS	651	trkA		COG0569	Trk system potassium uptake protein TrkA 
ILICMMIM_00997	CDS	1428				hypothetical protein
ILICMMIM_00998	CDS	1596	gltX	6.1.1.17	COG0008	Glutamate--tRNA ligase
ILICMMIM_00999	CDS	825				hypothetical protein
ILICMMIM_01000	CDS	495				hypothetical protein
ILICMMIM_01001	CDS	504				hypothetical protein
ILICMMIM_01002	CDS	1239				hypothetical protein
ILICMMIM_01003	CDS	513				hypothetical protein
ILICMMIM_01004	CDS	291				hypothetical protein
ILICMMIM_01005	CDS	1224	bamB			Outer membrane protein assembly factor BamB
ILICMMIM_01006	CDS	1371				hypothetical protein
ILICMMIM_01007	CDS	1410				hypothetical protein
ILICMMIM_01008	CDS	696	flpA	2.1.1.-	COG1889	Fibrillarin-like rRNA/tRNA 2'-O-methyltransferase
ILICMMIM_01009	CDS	1212			COG1498	putative NOP5 family protein
ILICMMIM_01010	CDS	1629				hypothetical protein
ILICMMIM_01011	CDS	990				hypothetical protein
ILICMMIM_01012	CDS	159				hypothetical protein
ILICMMIM_01013	CDS	1089				hypothetical protein
ILICMMIM_01014	CDS	1428				hypothetical protein
ILICMMIM_01015	CDS	408	purE_3	5.4.99.18	COG0041	N5-carboxyaminoimidazole ribonucleotide mutase
ILICMMIM_01016	CDS	1278		4.1.1.-		Phenolic acid decarboxylase
ILICMMIM_01017	CDS	1005	cutD_2	1.97.1.-		Choline trimethylamine-lyase activating enzyme
ILICMMIM_01018	CDS	219		4.1.1.-		Phenolic acid decarboxylase
ILICMMIM_01019	CDS	819				hypothetical protein
ILICMMIM_01020	CDS	759				hypothetical protein
ILICMMIM_01021	CDS	921				hypothetical protein
ILICMMIM_01022	CDS	1917	mutS2	3.1.-.-		Endonuclease MutS2
ILICMMIM_01023	CDS	369				hypothetical protein
ILICMMIM_01024	CDS	93				hypothetical protein
ILICMMIM_01025	CDS	1227				hypothetical protein
ILICMMIM_01026	CDS	1908				hypothetical protein
ILICMMIM_01027	CDS	660				hypothetical protein
ILICMMIM_01028	CDS	1224	faeB-hpsB		COG0269	Bifunctional enzyme Fae/Hps
ILICMMIM_01029	CDS	1443	smc_2			Chromosome partition protein Smc
ILICMMIM_01030	CDS	207				hypothetical protein
ILICMMIM_01031	CDS	774				hypothetical protein
ILICMMIM_01032	CDS	672				hypothetical protein
ILICMMIM_01033	CDS	621				hypothetical protein
ILICMMIM_01034	CDS	630				hypothetical protein
ILICMMIM_01035	CDS	1653	iolD_2	3.7.1.22		3D-(3,5/4)-trihydroxycyclohexane-1,2-dione hydrolase
ILICMMIM_01036	CDS	297				hypothetical protein
ILICMMIM_01037	CDS	357				hypothetical protein
ILICMMIM_01038	CDS	1650	pheT	6.1.1.20	COG0072	Phenylalanine--tRNA ligase beta subunit
ILICMMIM_01039	CDS	237				hypothetical protein
ILICMMIM_01040	CDS	2991	uvrA			UvrABC system protein A
ILICMMIM_01041	CDS	282	napF			Ferredoxin-type protein NapF
ILICMMIM_01042	CDS	1188	vorB	1.2.7.7	COG0674	Ketoisovalerate oxidoreductase subunit VorB
ILICMMIM_01043	CDS	1530	vorA	1.-.-.-	COG1013	Ketoisovalerate oxidoreductase subunit VorA
ILICMMIM_01044	CDS	624	rnhB	3.1.26.4	COG0164	Ribonuclease HII
ILICMMIM_01045	CDS	1101	mreB			Cell shape-determining protein MreB
ILICMMIM_01046	CDS	639				hypothetical protein
ILICMMIM_01047	CDS	1860	copA	7.2.2.8	COG2217	putative copper-exporting P-type ATPase
ILICMMIM_01048	CDS	873	btuD_8	7.6.2.8		Vitamin B12 import ATP-binding protein BtuD
ILICMMIM_01049	CDS	1386	mdtK			Multidrug resistance protein MdtK
ILICMMIM_01050	CDS	570				hypothetical protein
ILICMMIM_01051	CDS	525				hypothetical protein
ILICMMIM_01052	CDS	2628				hypothetical protein
ILICMMIM_01053	CDS	456				hypothetical protein
ILICMMIM_01054	CDS	750	purC	6.3.2.6	COG0152	Phosphoribosylaminoimidazole-succinocarboxamide synthase
ILICMMIM_01055	CDS	717	cobA	2.1.1.107		Uroporphyrinogen-III C-methyltransferase
ILICMMIM_01056	CDS	780				hypothetical protein
ILICMMIM_01057	CDS	270			COG1400	Signal recognition particle 19 kDa protein
ILICMMIM_01058	CDS	1323	trpE	4.1.3.27	COG0147	Anthranilate synthase component 1
ILICMMIM_01059	CDS	579	trpG	4.1.3.27	COG0512	Anthranilate synthase component 2
ILICMMIM_01060	CDS	1011	trpD	2.4.2.18	COG0547	Anthranilate phosphoribosyltransferase
ILICMMIM_01061	CDS	1107	rsmA	2.1.1.182		Ribosomal RNA small subunit methyltransferase A
ILICMMIM_01062	CDS	594	prmC	2.1.1.297		Release factor glutamine methyltransferase
ILICMMIM_01063	CDS	729				hypothetical protein
ILICMMIM_01064	CDS	513	nob1	3.1.-.-	COG1439	Endoribonuclease Nob1
ILICMMIM_01065	CDS	1386				hypothetical protein
ILICMMIM_01066	CDS	975	thiL_2	2.7.4.16		Thiamine-monophosphate kinase
ILICMMIM_01067	CDS	723				hypothetical protein
ILICMMIM_01068	CDS	1650	tfrA	1.3.4.1	COG1053	Fumarate reductase (CoM/CoB) subunit A
ILICMMIM_01069	CDS	969				hypothetical protein
ILICMMIM_01070	CDS	258				hypothetical protein
ILICMMIM_01071	CDS	1011				hypothetical protein
ILICMMIM_01072	CDS	1152	cdc6-1		COG1474	ORC1-type DNA replication protein 1
ILICMMIM_01073	CDS	2808	ileS_2	6.1.1.5	COG0060	Isoleucine--tRNA ligase
ILICMMIM_01074	CDS	393			COG0100	30S ribosomal protein S11
ILICMMIM_01075	CDS	855	rpoD_1	2.7.7.6	COG0202	DNA-directed RNA polymerase subunit D
ILICMMIM_01076	CDS	366			COG1727	50S ribosomal protein L18e
ILICMMIM_01077	CDS	423			COG0102	50S ribosomal protein L13
ILICMMIM_01078	CDS	402	rps9		COG0103	30S ribosomal protein S9
ILICMMIM_01079	CDS	171	rpoN	2.7.7.6	COG1644	DNA-directed RNA polymerase subunit N
ILICMMIM_01080	CDS	183	rpoK	2.7.7.6	COG1758	DNA-directed RNA polymerase subunit K
ILICMMIM_01081	CDS	474				hypothetical protein
ILICMMIM_01082	CDS	2175				hypothetical protein
ILICMMIM_01083	CDS	1101	carA	6.3.5.5		Carbamoyl-phosphate synthase small chain
ILICMMIM_01084	CDS	1152	porA	1.2.7.1	COG0674	Pyruvate synthase subunit PorA
ILICMMIM_01085	CDS	243	porD		COG1144	Pyruvate synthase subunit PorD
ILICMMIM_01086	CDS	522	porC	1.2.7.1	COG1014	Pyruvate synthase subunit PorC
ILICMMIM_01087	CDS	210				hypothetical protein
ILICMMIM_01088	CDS	429				hypothetical protein
ILICMMIM_01089	CDS	726				hypothetical protein
ILICMMIM_01090	CDS	306				hypothetical protein
ILICMMIM_01091	CDS	1083	top6A	5.6.2.2	COG1697	Type 2 DNA topoisomerase 6 subunit A
ILICMMIM_01092	CDS	1713	top6B	5.6.2.2	COG1389	Type 2 DNA topoisomerase 6 subunit B
ILICMMIM_01093	CDS	1905				hypothetical protein
ILICMMIM_01094	CDS	672				hypothetical protein
ILICMMIM_01095	CDS	1866	arnC_2	2.4.2.53		Undecaprenyl-phosphate 4-deoxy-4-formamido-L-arabinose transferase
ILICMMIM_01096	CDS	477				hypothetical protein
ILICMMIM_01097	CDS	588			COG0794	putative protein
ILICMMIM_01098	CDS	753	fdhD			Sulfur carrier protein FdhD
ILICMMIM_01099	CDS	594				hypothetical protein
ILICMMIM_01100	CDS	564				hypothetical protein
ILICMMIM_01101	CDS	1137	ftsZ1		COG0206	Cell division protein FtsZ 1
ILICMMIM_01102	CDS	180				hypothetical protein
ILICMMIM_01103	CDS	252				hypothetical protein
ILICMMIM_01104	CDS	909	IMPDH_2	1.1.1.205		Inosine-5'-monophosphate dehydrogenase
ILICMMIM_01105	CDS	987	hisG	2.4.2.17		ATP phosphoribosyltransferase
ILICMMIM_01106	CDS	2643	dbpA_3	3.6.4.13		ATP-dependent RNA helicase DbpA
ILICMMIM_01107	CDS	693				hypothetical protein
ILICMMIM_01108	CDS	1557	murJ_2			lipid II flippase MurJ
ILICMMIM_01109	CDS	1614	actP			Cation/acetate symporter ActP
ILICMMIM_01110	CDS	111				hypothetical protein
ILICMMIM_01111	CDS	723	trmI	2.1.1.219	COG2519	tRNA (adenine(57)-N(1)/adenine(58)-N(1))-methyltransferase TrmI
ILICMMIM_01112	CDS	933				hypothetical protein
ILICMMIM_01113	CDS	825				hypothetical protein
ILICMMIM_01114	CDS	1293				hypothetical protein
ILICMMIM_01115	CDS	1089				hypothetical protein
ILICMMIM_01116	CDS	636				putative protein
ILICMMIM_01117	CDS	819	mvhB_3		COG1145	Polyferredoxin protein MvhB
ILICMMIM_01118	CDS	987		2.7.1.-	COG0524	Putative sugar kinase
ILICMMIM_01119	CDS	549				hypothetical protein
ILICMMIM_01120	CDS	957				hypothetical protein
ILICMMIM_01121	CDS	273				hypothetical protein
ILICMMIM_01122	CDS	402				hypothetical protein
ILICMMIM_01123	CDS	609				hypothetical protein
ILICMMIM_01124	CDS	1143	cpdA_3	3.1.4.53		3',5'-cyclic adenosine monophosphate phosphodiesterase CpdA
ILICMMIM_01125	CDS	711				hypothetical protein
ILICMMIM_01126	CDS	429				hypothetical protein
ILICMMIM_01127	CDS	162				hypothetical protein
ILICMMIM_01128	CDS	1005				hypothetical protein
ILICMMIM_01129	CDS	195				hypothetical protein
ILICMMIM_01130	CDS	300				hypothetical protein
ILICMMIM_01131	CDS	423				hypothetical protein
ILICMMIM_01132	CDS	1950				hypothetical protein
ILICMMIM_01133	CDS	642				hypothetical protein
ILICMMIM_01134	CDS	405				hypothetical protein
ILICMMIM_01135	CDS	375				hypothetical protein
ILICMMIM_01136	CDS	177				hypothetical protein
ILICMMIM_01137	CDS	252				hypothetical protein
ILICMMIM_01138	CDS	306				hypothetical protein
ILICMMIM_01139	CDS	351				hypothetical protein
ILICMMIM_01140	CDS	1005		7.3.2.7	COG0003	Putative arsenical pump-driving ATPase
ILICMMIM_01141	CDS	1317				hypothetical protein
ILICMMIM_01142	CDS	600				hypothetical protein
ILICMMIM_01143	CDS	327				hypothetical protein
ILICMMIM_01144	CDS	963				hypothetical protein
ILICMMIM_01145	CDS	687				hypothetical protein
ILICMMIM_01146	CDS	615				hypothetical protein
ILICMMIM_01147	CDS	1092				hypothetical protein
ILICMMIM_01148	CDS	1116				hypothetical protein
ILICMMIM_01149	CDS	1350	cbiA	6.3.5.11	COG1797	Cobyrinate a,c-diamide synthase
ILICMMIM_01150	CDS	852				hypothetical protein
ILICMMIM_01151	CDS	660				hypothetical protein
ILICMMIM_01152	CDS	768				hypothetical protein
ILICMMIM_01153	CDS	678				hypothetical protein
ILICMMIM_01154	CDS	1266	hemL	5.4.3.8	COG0001	Glutamate-1-semialdehyde 2,1-aminomutase
ILICMMIM_01155	CDS	621				hypothetical protein
ILICMMIM_01156	CDS	558				hypothetical protein
ILICMMIM_01157	CDS	726	cobB_2	2.3.1.286	COG0846	NAD-dependent protein deacetylase
ILICMMIM_01158	CDS	1068				hypothetical protein
ILICMMIM_01159	tRNA	74				tRNA-Arg(tct)
ILICMMIM_01160	tRNA	76				tRNA-Arg(cct)
ILICMMIM_01161	CDS	1176				hypothetical protein
ILICMMIM_01162	CDS	498				hypothetical protein
ILICMMIM_01163	CDS	1176	argG	6.3.4.5		Argininosuccinate synthase
ILICMMIM_01164	CDS	804				hypothetical protein
ILICMMIM_01165	CDS	915	mdcB	2.4.2.52		2-(5''-triphosphoribosyl)-3'-dephosphocoenzyme-A synthase
ILICMMIM_01166	CDS	150				hypothetical protein
ILICMMIM_01167	CDS	780	tam	2.1.1.144		Trans-aconitate 2-methyltransferase
ILICMMIM_01168	CDS	501				hypothetical protein
ILICMMIM_01169	CDS	1242	argJ	2.3.1.35	COG1364	Glutamate N-acetyltransferase
ILICMMIM_01170	CDS	1098	glmS	2.6.1.16	COG0449	Glutamine--fructose-6-phosphate aminotransferase [isomerizing]
ILICMMIM_01171	CDS	669	ribB	4.1.99.12	COG0108	3,4-dihydroxy-2-butanone 4-phosphate synthase
ILICMMIM_01172	CDS	570				hypothetical protein
ILICMMIM_01173	CDS	873				hypothetical protein
ILICMMIM_01174	CDS	801				hypothetical protein
ILICMMIM_01175	CDS	804	cfbC	6.3.3.7	COG1348	Ni-sirohydrochlorin a,c-diamide reductive cyclase complex, component CfbC
ILICMMIM_01176	CDS	552	COQ3	2.1.1.222		Ubiquinone biosynthesis O-methyltransferase, mitochondrial
ILICMMIM_01177	CDS	2799	alaS	6.1.1.7	COG0013	Alanine--tRNA ligase
ILICMMIM_01178	CDS	1239				hypothetical protein
ILICMMIM_01179	CDS	549				hypothetical protein
ILICMMIM_01180	CDS	462	pyrI		COG1781	Aspartate carbamoyltransferase regulatory chain
ILICMMIM_01181	CDS	1236	secD		COG0342	Protein-export membrane protein SecD
ILICMMIM_01182	CDS	855	secF		COG0341	Protein-export membrane protein SecF
ILICMMIM_01183	CDS	522				hypothetical protein
ILICMMIM_01184	CDS	1233	pan		COG1222	Proteasome-activating nucleotidase
ILICMMIM_01185	CDS	735				hypothetical protein
ILICMMIM_01186	CDS	753				hypothetical protein
ILICMMIM_01187	CDS	246			COG0526	putative Thioredoxin
ILICMMIM_01188	CDS	2556	cshB_2	3.6.4.13		DEAD-box ATP-dependent RNA helicase CshB
ILICMMIM_01189	CDS	1110	arnB_2	2.6.1.87		UDP-4-amino-4-deoxy-L-arabinose--oxoglutarate aminotransferase
ILICMMIM_01190	CDS	564				hypothetical protein
ILICMMIM_01191	CDS	675				hypothetical protein
ILICMMIM_01192	CDS	291	fcl_4	1.1.1.271		GDP-L-fucose synthase
ILICMMIM_01193	CDS	1002	fcl_5	1.1.1.271		GDP-L-fucose synthase
ILICMMIM_01194	CDS	1206	mshA_2	2.4.1.250		D-inositol-3-phosphate glycosyltransferase
ILICMMIM_01195	CDS	453				hypothetical protein
ILICMMIM_01196	CDS	291				hypothetical protein
ILICMMIM_01197	CDS	1194				hypothetical protein
ILICMMIM_01198	CDS	678	COQ5	2.1.1.163		2-methoxy-6-polyprenyl-1,4-benzoquinol methylase, mitochondrial
ILICMMIM_01199	CDS	372				hypothetical protein
ILICMMIM_01200	CDS	315				hypothetical protein
ILICMMIM_01201	CDS	1656	ilvD	4.2.1.9		Dihydroxy-acid dehydratase
ILICMMIM_01202	CDS	423				hypothetical protein
ILICMMIM_01203	CDS	2637	ileS_3	6.1.1.5	COG0060	Isoleucine--tRNA ligase
ILICMMIM_01204	CDS	1386	glmM	5.4.2.10	COG1109	Phosphoglucosamine mutase
ILICMMIM_01205	CDS	699				hypothetical protein
ILICMMIM_01206	CDS	774				hypothetical protein
ILICMMIM_01207	CDS	726	mntR			HTH-type transcriptional regulator MntR
ILICMMIM_01208	CDS	555				hypothetical protein
ILICMMIM_01209	CDS	411				hypothetical protein
ILICMMIM_01210	CDS	225				hypothetical protein
ILICMMIM_01211	CDS	426				hypothetical protein
ILICMMIM_01212	CDS	267				hypothetical protein
ILICMMIM_01213	CDS	441				hypothetical protein
ILICMMIM_01214	CDS	519				hypothetical protein
ILICMMIM_01215	CDS	1251				hypothetical protein
ILICMMIM_01216	CDS	1368	thiL_3	2.7.4.16		Thiamine-monophosphate kinase
ILICMMIM_01217	CDS	450				hypothetical protein
ILICMMIM_01218	tRNA	73				tRNA-Arg(gcg)
ILICMMIM_01219	CDS	753				hypothetical protein
ILICMMIM_01220	CDS	882	pdxS	4.3.3.6	COG0214	Pyridoxal 5'-phosphate synthase subunit PdxS
ILICMMIM_01221	CDS	1032				hypothetical protein
ILICMMIM_01222	CDS	1116				hypothetical protein
ILICMMIM_01223	CDS	948	dys	2.5.1.46	COG1899	putative deoxyhypusine synthase
ILICMMIM_01224	CDS	573				hypothetical protein
ILICMMIM_01225	CDS	648	pyrF	4.1.1.23	COG0284	Orotidine 5'-phosphate decarboxylase
ILICMMIM_01226	CDS	993				hypothetical protein
ILICMMIM_01227	CDS	612				hypothetical protein
ILICMMIM_01228	CDS	684				hypothetical protein
ILICMMIM_01229	CDS	228				hypothetical protein
ILICMMIM_01230	CDS	1206	hmgA	1.1.1.34	COG1257	3-hydroxy-3-methylglutaryl-coenzyme A reductase
ILICMMIM_01231	CDS	858	sucD	6.2.1.5	COG0074	Succinate--CoA ligase [ADP-forming] subunit alpha
ILICMMIM_01232	CDS	1311				hypothetical protein
ILICMMIM_01233	CDS	1146	thiI	2.8.1.4		tRNA sulfurtransferase
ILICMMIM_01234	CDS	597	rps2		COG0052	30S ribosomal protein S2
ILICMMIM_01235	CDS	861				hypothetical protein
ILICMMIM_01236	CDS	972	mvk	2.7.1.36	COG1577	Mevalonate kinase
ILICMMIM_01237	CDS	2337	hdrA1	1.8.7.3	COG1148	Ferredoxin:CoB-CoM heterodisulfide reductase subunit A
ILICMMIM_01238	CDS	705	radB		COG0468	DNA repair and recombination protein RadB
ILICMMIM_01239	CDS	600	sua5	2.7.7.87	COG0009	Threonylcarbamoyl-AMP synthase
ILICMMIM_01240	CDS	588		2.7.8.39	COG0558	Archaetidylinositol phosphate synthase
ILICMMIM_01241	CDS	657				hypothetical protein
ILICMMIM_01242	CDS	1023	idsA	2.5.1.-	COG0142	Short chain isoprenyl diphosphate synthase
ILICMMIM_01243	CDS	669	rnj_2	3.1.-.-	COG0595	Ribonuclease J
ILICMMIM_01244	CDS	669	cmoA	2.1.3.-		Carboxy-S-adenosyl-L-methionine synthase
ILICMMIM_01245	CDS	690				hypothetical protein
ILICMMIM_01246	CDS	489				hypothetical protein
ILICMMIM_01247	CDS	2268				hypothetical protein
ILICMMIM_01248	CDS	156				hypothetical protein
ILICMMIM_01249	CDS	357				hypothetical protein
ILICMMIM_01250	CDS	1050				hypothetical protein
ILICMMIM_01251	CDS	729				hypothetical protein
ILICMMIM_01252	CDS	117				hypothetical protein
ILICMMIM_01253	CDS	882	korB	1.2.7.3	COG1013	2-oxoglutarate synthase subunit KorB
ILICMMIM_01254	CDS	1140	korA	1.2.7.3	COG0674	2-oxoglutarate synthase subunit KorA
ILICMMIM_01255	CDS	207				hypothetical protein
ILICMMIM_01256	CDS	333				hypothetical protein
ILICMMIM_01257	CDS	255				hypothetical protein
ILICMMIM_01258	CDS	1389		3.5.1.4	COG0154	Amidase
ILICMMIM_01259	CDS	1134				hypothetical protein
ILICMMIM_01260	CDS	735			COG1136	putative ABC transporter ATP-binding protein
ILICMMIM_01261	CDS	354				hypothetical protein
ILICMMIM_01262	CDS	1500	metXA_2	2.3.1.31	COG0517	Homoserine O-acetyltransferase
ILICMMIM_01263	CDS	1935			COG1855	putative KH and PIN-domain containing protein
ILICMMIM_01264	CDS	342	hisI	3.5.4.19	COG0139	Phosphoribosyl-AMP cyclohydrolase
ILICMMIM_01265	CDS	135				hypothetical protein
ILICMMIM_01266	CDS	261				hypothetical protein
ILICMMIM_01267	CDS	606				hypothetical protein
ILICMMIM_01268	CDS	120				hypothetical protein
ILICMMIM_01269	CDS	579				hypothetical protein
ILICMMIM_01270	CDS	1251	thiL_4	2.7.4.16		Thiamine-monophosphate kinase
ILICMMIM_01271	CDS	597				hypothetical protein
ILICMMIM_01272	CDS	444				hypothetical protein
ILICMMIM_01273	CDS	942	mptA	3.5.4.39	COG1469	GTP cyclohydrolase MptA
ILICMMIM_01274	CDS	450			COG0099	30S ribosomal protein S13
ILICMMIM_01275	tRNA	87				tRNA-Ser(gga)
ILICMMIM_01276	CDS	963	truB	5.4.99.25	COG0130	putative tRNA pseudouridine synthase B
ILICMMIM_01277	CDS	423			COG0102	50S ribosomal protein L13
ILICMMIM_01278	CDS	366			COG1727	50S ribosomal protein L18e
ILICMMIM_01279	CDS	855	rpoD_2	2.7.7.6	COG0202	DNA-directed RNA polymerase subunit D
ILICMMIM_01280	CDS	393			COG0100	30S ribosomal protein S11
ILICMMIM_01281	CDS	549	rps4		COG0522	30S ribosomal protein S4
ILICMMIM_01282	CDS	192				hypothetical protein
ILICMMIM_01283	CDS	1140				hypothetical protein
ILICMMIM_01284	CDS	396			COG0589	Universal stress protein
ILICMMIM_01285	CDS	1734	btuD_9	7.6.2.8		Vitamin B12 import ATP-binding protein BtuD
ILICMMIM_01286	CDS	159				hypothetical protein
ILICMMIM_01287	CDS	255				hypothetical protein
ILICMMIM_01288	CDS	927	guaAB	6.3.5.2	COG0519	GMP synthase [glutamine-hydrolyzing] subunit B
ILICMMIM_01289	CDS	741				hypothetical protein
ILICMMIM_01290	CDS	1158		6.3.4.16	COG0458	Carbamoyl-phosphate synthase
ILICMMIM_01291	CDS	1080	mraY_2	2.7.8.13		Phospho-N-acetylmuramoyl-pentapeptide-transferase
ILICMMIM_01292	CDS	444	pdaD	4.1.1.19	COG1945	Pyruvoyl-dependent arginine decarboxylase
ILICMMIM_01293	CDS	1839			COG0061	Bifunctional NADP phosphatase/NAD kinase
ILICMMIM_01294	CDS	672	arfC	1.1.1.302	COG1985	2,5-diamino-6-ribosylamino-4(3H)-pyrimidinone 5'-phosphate reductase
ILICMMIM_01295	CDS	675				hypothetical protein
ILICMMIM_01296	CDS	591				hypothetical protein
ILICMMIM_01297	CDS	1635	serS	6.1.1.11	COG0172	Type-2 serine--tRNA ligase
ILICMMIM_01298	CDS	684				hypothetical protein
ILICMMIM_01299	CDS	1269	tiaS	6.3.4.22	COG1571	tRNA(Ile2) 2-agmatinylcytidine synthetase TiaS
ILICMMIM_01300	tRNA	75				tRNA-Ala(ggc)
ILICMMIM_01301	CDS	1026				hypothetical protein
ILICMMIM_01302	CDS	660	hypB		COG0378	putative hydrogenase maturation factor HypB
ILICMMIM_01303	CDS	375	hypA		COG0375	Hydrogenase maturation factor HypA
ILICMMIM_01304	CDS	1377	ftsY			Signal recognition particle receptor FtsY
ILICMMIM_01305	CDS	192				hypothetical protein
ILICMMIM_01306	CDS	453	dcd_2	3.5.4.13		dCTP deaminase, dUMP-forming
ILICMMIM_01307	CDS	1032				hypothetical protein
ILICMMIM_01308	CDS	1206				hypothetical protein
ILICMMIM_01309	CDS	2193	vat		COG0464	VCP-like ATPase
ILICMMIM_01310	CDS	534				hypothetical protein
ILICMMIM_01311	CDS	1176		2.6.1.57		Aromatic-amino-acid aminotransferase 2
ILICMMIM_01312	CDS	405				hypothetical protein
ILICMMIM_01313	CDS	627	grpE			Protein GrpE
ILICMMIM_01314	CDS	1206	mshA_3	2.4.1.250		D-inositol-3-phosphate glycosyltransferase
ILICMMIM_01315	CDS	1002	fcl_6	1.1.1.271		GDP-L-fucose synthase
ILICMMIM_01316	CDS	1359				hypothetical protein
ILICMMIM_01317	CDS	804				hypothetical protein
ILICMMIM_01318	CDS	1548	pheS	6.1.1.20	COG0016	Phenylalanine--tRNA ligase alpha subunit
ILICMMIM_01319	CDS	468				hypothetical protein
ILICMMIM_01320	CDS	255				hypothetical protein
ILICMMIM_01321	CDS	216				hypothetical protein
ILICMMIM_01322	CDS	708				hypothetical protein
ILICMMIM_01323	CDS	405	vapC_3	3.1.-.-		tRNA(fMet)-specific endonuclease VapC
ILICMMIM_01324	CDS	273				hypothetical protein
ILICMMIM_01325	CDS	162				hypothetical protein
ILICMMIM_01326	CDS	717	mfnB	4.2.3.153	COG1891	(5-formylfuran-3-yl)methyl phosphate synthase
ILICMMIM_01327	CDS	1479	guaB	1.1.1.205	COG0516	Inosine-5'-monophosphate dehydrogenase
ILICMMIM_01328	CDS	1182	aroC	4.2.3.5		Chorismate synthase
ILICMMIM_01329	CDS	966	rbn	3.1.26.11		Ribonuclease BN
ILICMMIM_01330	CDS	1680		6.2.1.40	COG0365	4-hydroxybutyrate--CoA ligase 1
ILICMMIM_01331	CDS	549				hypothetical protein
ILICMMIM_01332	CDS	1167				hypothetical protein
ILICMMIM_01333	CDS	567				hypothetical protein
ILICMMIM_01334	CDS	975	eif2g		COG5257	Translation initiation factor 2 subunit gamma
ILICMMIM_01335	CDS	354				hypothetical protein
ILICMMIM_01336	CDS	522	ppa	3.6.1.1	COG0221	Inorganic pyrophosphatase
ILICMMIM_01337	CDS	258				hypothetical protein
ILICMMIM_01338	CDS	1083				hypothetical protein
ILICMMIM_01339	CDS	336				hypothetical protein
ILICMMIM_01340	CDS	180				hypothetical protein
ILICMMIM_01341	CDS	756	taw2	2.5.1.114	COG2520	tRNA(Phe) (4-demethylwyosine(37)-C(7)) aminocarboxypropyltransferase
ILICMMIM_01342	CDS	834				hypothetical protein
ILICMMIM_01343	CDS	477	cofG	4.3.1.32	COG1060	7,8-didemethyl-8-hydroxy-5-deazariboflavin synthase
ILICMMIM_01344	CDS	2187	purL_2	6.3.5.3		Phosphoribosylformylglycinamidine synthase subunit PurL
ILICMMIM_01345	CDS	1416	murT	6.3.5.13		Lipid II isoglutaminyl synthase (glutamine-hydrolyzing) subunit MurT
ILICMMIM_01346	CDS	738	gatD_2	3.5.1.2		Lipid II isoglutaminyl synthase (glutamine-hydrolyzing) subunit GatD
ILICMMIM_01347	CDS	147				hypothetical protein
ILICMMIM_01348	CDS	258				hypothetical protein
ILICMMIM_01349	CDS	1137	ycf3			Photosystem I assembly protein Ycf3
ILICMMIM_01350	CDS	894	ftr	2.3.1.101	COG2037	Formylmethanofuran--tetrahydromethanopterin formyltransferase
ILICMMIM_01351	CDS	1092				hypothetical protein
ILICMMIM_01352	CDS	735	arcS	2.6.1.97	COG1549	Archaeosine synthase
ILICMMIM_01353	CDS	201				hypothetical protein
ILICMMIM_01354	CDS	522	ymdB	3.1.1.106		O-acetyl-ADP-ribose deacetylase
